id,name,ability,firstNightReminder,firstNightReminderMD,otherNightReminder,otherNightReminderMD,reminders,reminderCopies,firstNight,otherNight,team,sao,edition,setup,tokenCopies
acrobat,Acrobat,"Each night*, if either good living neighbour is drunk or poisoned, you die.",,,The Acrobat might die,The Acrobat might die,Dead,1,-1,47,outsider,3,experimental,FALSE,1
alchemist,Alchemist,You have a not-in-play Minion ability.,Show the YOU ARE token and the character token of a not in play Minion.,Show the <b>YOU ARE</b> token and the character token of a not in play Minion.,,,Is the Alchemist,1,10,-1,townsfolk,6,experimental,FALSE,1
alhadikhia,Al-Hadikhia,"Each night*, choose 3 players (all players learn who): each silently chooses to live or die, but if all live, all die.",,,"The Al-Hadikhia chooses three players. Wake the player marked 1 and say ""the Al-Hadikhia has chosen"", then the player's name, then ""Do you choose to live?"" They either nod or shake their head. Put them to sleep and add or remove shrouds accordingly. Repeat for players marked 2 and 3. If all three players are now alive, add a shroud to all three.","The Al-Hadikhia chooses three players. <i class=""reminder-token""></i> <i class=""reminder-token""></i> <i class=""reminder-token""></i> Wake the player marked <b>1</b> and say ""the Al-Hadikhia has chosen"", then the player's name, then ""Do you choose to live?"" They either nod or shake their head. Put them to sleep and add or remove shrouds accordingly. Repeat for players marked <b>2</b> and <b>3</b>. If all three players are now alive, add a shroud to all three.","1,2,3,Chose death,Chose life","1,1,1,3,3",-1,41,demon,3,experimental,FALSE,1
amnesiac,Amnesiac,"You do not know what your ability is. Each day, privately guess what it is: you learn how accurate you are.",?,?,?,?,?,1,40,55,townsfolk,4,experimental,FALSE,1
angel,Angel,Something bad might happen to whoever is most responsible for the death of a new player.,"Announce which players are protected by the Angel. Add the ""Protected"" token to the relevant players.",Announce which players are protected by the Angel. Add the <b>Protected</b> token to the relevant players.,,,"Protect,Something Bad","-1,-1",1,-1,fabled,101,experimental,FALSE,1
apprentice,Apprentice,"On your 1st night, you gain a Townsfolk ability (if good), or a Minion ability (if evil).","Show the Apprentice the 'You are' card, then a Townsfolk or Minion token. In the Grimoire, replace the Apprentice token with that character token, and put the Apprentice's 'Is the Apprentice' reminder by that character token.","Show the Apprentice the <b>You are</b> card, then a Townsfolk or Minion token. In the Grimoire, replace the Apprentice token with that character token, and put the Apprentice's <b>Is the Apprentice</b> reminder by that character token.",,,Is the Apprentice,1,5,-1,traveler,100,experimental,FALSE,1
artist,Artist,"Once per game, during the day, privately ask the Storyteller any yes/no question.",,,,,No ability,1,-1,-1,townsfolk,5,snv,FALSE,1
assassin,Assassin,"Once per game, at night*, choose a player: they die, even if for some reason they could not.",,,The Assassin might choose a player.,"The Assassin might choose a player. <i class=""reminder-token""></i> <i class=""reminder-token""></i>","Dead,No ability","1,1",-1,44,minion,5,bmr,FALSE,1
atheist,Atheist,"The Storyteller can break the game rules & if executed, good wins, even if you are dead [No evil characters]",,,,,,,-1,-1,townsfolk,6,experimental,TRUE,1
balloonist,Balloonist,"Each night, you learn 1 player of each character type, until there are no more types to learn. [+1 Outsider]",Show any player,"Show any player <i class=""reminder-token""></i>",Show a player with a different character type to previously,"Show a player with a different character type to previously <i class=""reminder-token""></i>","Seen Townsfolk,Seen Outsider,Seen Minion,Seen Demon,Seen traveler","1,1,1,1,1",55,70,townsfolk,2,experimental,TRUE,1
barber,Barber,"If you died today or tonight, the Demon may choose 2 players (not another Demon) to swap characters.",,,"If the Barber died today or tonight, show the Demon the THIS CHARACTER SELECTED YOU & Barber tokens. If the Demon chose 2 players, wake one at a time. Show the YOU ARE token & their new character token.","If the Barber died today or tonight, show the Demon the <b>THIS CHARACTER SELECTED YOU</b> &amp; Barber tokens. If the Demon chose 2 players, wake one at a time. Show the <b>YOU ARE</b> token &amp; their new character token.",Haircuts tonight,1,-1,48,outsider,6,snv,FALSE,1
barista,Barista,"Each night, until dusk, 1) a player becomes sober, healthy and gets true info, or 2) their ability works twice. They learn which.","Choose a player, wake them and tell them which Barista power is affecting them. Treat them accordingly (sober/healthy/true info or activate their ability twice).","Choose a player. <i class=""reminder-token""></i> wake them and tell them which Barista power is affecting them. Treat them accordingly (sober/healthy/true info or activate their ability twice).","Choose a player, wake them and tell them which Barista power is affecting them. Treat them accordingly (sober/healthy/true info or activate their ability twice).","Choose a player. <i class=""reminder-token""></i> wake them and tell them which Barista power is affecting them. Treat them accordingly (sober/healthy/true info or activate their ability twice).","Sober & Healthy,Ability twice","1,1",6,3,traveler,100,experimental,FALSE,1
baron,Baron,There are extra Outsiders in play. [+2 Outsiders],,,,,,,-1,-1,minion,6,tb,TRUE,1
beggar,Beggar,"You must use a vote token to vote. Dead players may choose to give you theirs. If so, you learn their alignment. You are sober & healthy.",,,,,,,-1,-1,traveler,100,experimental,FALSE,1
bishop,Bishop,Only the Storyteller can nominate. At least 1 opposite player must be nominated each day.,,,,,"Nominate good,Nominate evil","1,1",-1,-1,traveler,100,experimental,FALSE,1
bonecollector,Bone Collector,"Once per game, at night, choose a dead player: they regain their ability until dusk.",,,"The Bone Collector either shakes their head no or points at any dead player. If they pointed at any dead player, put the Bone Collector's 'Has Ability' reminder by the chosen player's character token. (They may need to be woken tonight to use it.)","The Bone Collector either shakes their head no or points at any dead player. If they pointed at any dead player, put the Bone Collector's <b>Has Ability</b> reminder by the chosen player's character token. <i class=""reminder-token""></i> (They may need to be woken tonight to use it.)","No ability,Has ability","1,1",-1,4,traveler,100,experimental,FALSE,1
boomdandy,Boomdandy,"If you are executed, all but 3 players die. 1 minute later, the player with the most players pointing at them dies.",,,,,,,-1,-1,minion,6,experimental,FALSE,1
bootlegger,Bootlegger,This script has homebrew characters or rules.,,,,,,,-1,-1,fabled,101,experimental,FALSE,1
bountyhunter,Bounty Hunter,"You start knowing 1 evil player. If the player you know dies, you learn another evil player tonight. [1 Townsfolk is evil]",Point to the KNOWN player.,Point to the <b>KNOWN</b> player.,"If the KNOWN player died today or tonight, point to a new KNOWN player.","If the <b>KNOWN</b> player died today or tonight, point to a new <b>KNOWN</b> player.",Known,1,57,72,townsfolk,1,experimental,TRUE,1
buddhist,Buddhist,"For the first 2 minutes of each day, veteran players may not talk.",Declare which players are affected by the Buddhist.,Declare which players are affected by the Buddhist.,,,,,2,-1,fabled,101,experimental,FALSE,1
bureaucrat,Bureaucrat,"Each night, choose a player (not yourself): their vote counts as 3 votes tomorrow.",The Bureaucrat chooses a player.,"The Bureaucrat chooses a player. <i class=""reminder-token""></i>",The Bureaucrat chooses a player.,"The Bureaucrat chooses a player. <i class=""reminder-token""></i>",3 votes,1,7,5,traveler,100,experimental,FALSE,1
butcher,Butcher,"Each day, after the 1st execution, you may nominate again.",,,,,,,-1,-1,traveler,100,experimental,FALSE,1
butler,Butler,"Each night, choose a player (not yourself): tomorrow, you may only vote if they are voting too.",The Butler chooses a player.,"The Butler chooses a player. <i class=""reminder-token""></i>",The Butler chooses a player.,"The Butler chooses a player. <i class=""reminder-token""></i>",Master,1,47,75,outsider,2,tb,FALSE,1
cannibal,Cannibal,"You have the ability of the recently killed executee. If they are evil, you are poisoned until a good player dies by execution.",,,,,"Poisoned,Died today","1,1",-1,-1,townsfolk,6,experimental,FALSE,1
cerenovus,Cerenovus,"Each night, choose a player & a good character: they are “mad” they are this character tomorrow, or might be executed.","The Cerenovus chooses a player & a character. Put the Cerenovus to sleep. Wake the target. Show the THIS CHARACTER SELECTED YOU token, the Cerenovus token, then the madness-character token.","The Cerenovus chooses a player &amp; a character. <i class=""reminder-token""></i> Put the Cerenovus to sleep. Wake the target. Show the <b>THIS CHARACTER SELECTED YOU</b> token, the Cerenovus token, then the madness-character token.","The Cerenovus chooses a player & a character. Put the Cerenovus to sleep. Wake the target. Show the THIS CHARACTER SELECTED YOU token, the Cerenovus token, then the madness-character token.","The Cerenovus chooses a player &amp; a character. <i class=""reminder-token""></i> Put the Cerenovus to sleep. Wake the target. Show the <b>THIS CHARACTER SELECTED YOU</b> token, the Cerenovus token, then the madness-character token.",Mad,1,32,21,minion,2,snv,FALSE,1
chambermaid,Chambermaid,"Each night, choose 2 alive players (not yourself): you learn how many woke tonight due to their ability.",The Chambermaid chooses 2 living players. Give a finger signal.,The Chambermaid chooses 2 living players. Give a finger signal.,The Chambermaid chooses 2 living players. Give a finger signal.,The Chambermaid chooses 2 living players. Give a finger signal.,,,63,79,townsfolk,2,bmr,FALSE,1
chef,Chef,You start knowing how many pairs of evil players there are.,Give a finger signal.,Give a finger signal.,,,,,44,-1,townsfolk,1,tb,FALSE,1
choirboy,Choirboy,"If the Demon kills the King, you learn which player is the Demon. [+ the King]",,,"If the Demon killed the King, point to the Demon player.","If the Demon killed the King, point to the Demon player.",,,-1,52,townsfolk,6,experimental,TRUE,1
clockmaker,Clockmaker,You start knowing how many steps from the Demon to its nearest Minion.,Give a finger signal.,Give a finger signal.,,,,,49,-1,townsfolk,1,snv,FALSE,1
courtier,Courtier,"Once per game, at night, choose a character: they are drunk for 3 nights & 3 days.",The Courtier might choose a character,"The Courtier might choose a character <i class=""reminder-token""></i> <i class=""reminder-token""></i>",The Courtier might choose a character,"The Courtier might choose a character <i class=""reminder-token""></i> <i class=""reminder-token""></i>","Drunk 3,Drunk 2,Drunk 1,No ability","1,1,1,1",26,14,townsfolk,5,bmr,FALSE,1
cultleader,Cult Leader,"Each night, you become the alignment of an alive neighbour. If all good players choose to join your cult, your team wins.","The Cult Leader might change alignment. If so, show the YOU ARE info token and a thumbs up or down for their new alignment.","The Cult Leader might change alignment. If so, show the <b>YOU ARE</b> info token and a thumbs up or down for their new alignment.","The Cult Leader might change alignment. If so, show the YOU ARE info token and a thumbs up or down for their new alignment.","The Cult Leader might change alignment. If so, show the <b>YOU ARE</b> info token and a thumbs up or down for their new alignment.",,,59,74,townsfolk,2,experimental,FALSE,1
damsel,Damsel,"All Minions know you are in play. If a Minion publicly guesses you (once), your team loses.",Wake each Minion. Show the Damsel token. Put each Minion to sleep.,Wake each Minion. Show the Damsel token. Put each Minion to sleep.,"If the Damsel was chosen by the Huntsman, show them the YOU ARE info token and their new character token.","If the Damsel was chosen by the Huntsman, show them the <b>YOU ARE</b> info token and their new character token.",Guess used,1,39,54,outsider,6,experimental,FALSE,1
deviant,Deviant,"If you were funny today, you cannot die by exile.",,,,,,,-1,-1,traveler,100,experimental,FALSE,1
devilsadvocate,Devil's Advocate,"Each night, choose a living player (different to last night): if executed tomorrow, they don't die.",The Devil's Advocate chooses a living player.,"The Devil's Advocate chooses a living player. <i class=""reminder-token""></i>",The Devil's Advocate chooses a living player.,"The Devil's Advocate chooses a living player. <i class=""reminder-token""></i>",Survives execution,1,29,19,minion,2,bmr,FALSE,1
djinn,Djinn,Use the Djinn's special rule. All players know what it is.,,,,,,,-1,-1,fabled,101,experimental,FALSE,1
doomsayer,Doomsayer,"If 4 or more players live, each living player may publicly choose (once per game) that a player of their own alignment dies.",,,,,,,-1,-1,fabled,101,experimental,FALSE,1
dreamer,Dreamer,"Each night, choose a player (not yourself or travelers): you learn 1 good and 1 evil character, 1 of which is correct.","The Dreamer points to a player. Show 1 good & 1 evil character token, 1 of which is their character.","The Dreamer points to a player. Show 1 good &amp; 1 evil character token, 1 of which is their character.","The Dreamer points to a player. Show 1 good & 1 evil character token, 1 of which is their character.","The Dreamer points to a player. Show 1 good &amp; 1 evil character token, 1 of which is their character.",,,50,64,townsfolk,2,snv,FALSE,1
drunk,Drunk,"You do not know you are the Drunk. You think you are a Townsfolk character, but you are not.",,,,,Drunk,1,-1,-1,outsider,6,tb,TRUE,1
duchess,Duchess,"Each day, 3 players may choose to visit you. At night*, each visitor learns how many visitors are evil, but 1 gets false info.",,,"Wake each player marked ""Visitor"" or ""False Info"" one at a time. Show them the Duchess token, then fingers (1, 2, 3) equaling the number of evil players marked ""Visitor"" or, if you are waking the player marked ""False Info,"" show them any number of fingers except the number of evil players marked ""Visitor.""","Wake each player marked ""Visitor"" or ""False Info"" one at a time. Show them the Duchess token, then fingers (1, 2, 3) equaling the number of evil players marked ""Visitor"" or, if you are waking the player marked ""False Info,"" show them any number of fingers except the number of evil players marked ""Visitor.""","Visitor,False Info","3,1",-1,1,fabled,101,experimental,FALSE,1
empath,Empath,"Each night, you learn how many of your 2 alive neighbours are evil.",Give a finger signal.,Give a finger signal.,Give a finger signal.,Give a finger signal.,,,45,61,townsfolk,2,tb,FALSE,1
engineer,Engineer,"Once per game, at night, choose which Minions or which Demon is in play.","The Engineer might choose Minions or Demons. If they do: Put the Engineer to sleep. Wake a target, show them the YOU ARE token and their new character token, then put that target to sleep. Repeat for all players that changed characters.","The Engineer might choose Minions or Demons. <i class=""reminder-token""></i> If they do: Put the Engineer to sleep. Wake a target, show them the <b>YOU ARE</b> token and their new character token, then put that target to sleep. Repeat for all players that changed characters.","The Engineer might choose Minions or Demons. If they do: Put the Engineer to sleep. Wake a target, show them the YOU ARE token and their new character token, then put that target to sleep. Repeat for all players that changed characters.","The Engineer might choose Minions or Demons. <i class=""reminder-token""></i> If they do: Put the Engineer to sleep. Wake a target, show them the <b>YOU ARE</b> token and their new character token, then put that target to sleep. Repeat for all players that changed characters.",No ability,1,20,11,townsfolk,5,experimental,FALSE,1
eviltwin,Evil Twin,"You & an opposing player know each other. If the good player is executed, evil wins. Good can't win if you both live.",Wake both twins. Allow eye contact. Show the good twin's character token to the Evil Twin & vice versa.,Wake both twins. Allow eye contact. Show the good twin's character token to the Evil Twin &amp; vice versa.,,,Twin,1,30,-1,minion,6,snv,FALSE,1
exorcist,Exorcist,"Each night*, choose a player (different to last night): the Demon, if chosen, learns who you are then doesn't wake tonight.",,,The Exorcist chooses a player. Put the Exorcist to sleep. If the Exorcist chose the Demon: Wake the Demon. Show the THIS CHARACTER SELECTED YOU & Exorcist tokens. Point to the Exorcist.,"The Exorcist chooses a player. <i class=""reminder-token""></i> Put the Exorcist to sleep. If the Exorcist chose the Demon: Wake the Demon. Show the <b>THIS CHARACTER SELECTED YOU</b> &amp; Exorcist tokens. Point to the Exorcist.",Chosen,1,-1,28,townsfolk,3,bmr,FALSE,1
fanggu,Fang Gu,"Each night*, choose a player: they die. The 1st Outsider this kills becomes an evil Fang Gu & you die instead. [+1 Outsider]",,,The Fang Gu chooses a player. If they chose an Outsider (once only): Replace the Outsider token with the spare Fang Gu token. Put the Fang Gu to sleep. Wake the target. Show the YOU ARE and Fang Gu tokens & give a thumbs-down.,"The Fang Gu chooses a player. <i class=""reminder-token""></i> If they chose an Outsider (once only): Replace the Outsider token with the spare Fang Gu token. Put the Fang Gu to sleep. Wake the target. Show the <b>YOU ARE</b> and Fang Gu tokens &amp; give a thumbs-down. <i class=""reminder-token""></i>","Dead,Once","1,1",-1,36,demon,3,snv,TRUE,2
farmer,Farmer,"If you die at night, an alive good player becomes a Farmer.",,,"If the Farmer died tonight, wake an alive good player. Show them the YOU ARE info token and a Farmer character token. Replace their previous token with the Farmer token.","If the Farmer died tonight, wake an alive good player. Show them the <b>YOU ARE</b> info token and a Farmer character token. Replace their previous token with the Farmer token.",,,-1,56,townsfolk,6,experimental,FALSE,-1
fearmonger,Fearmonger,"Each night, choose a player. If you nominate & execute them, their team loses. All players know if you choose a new player.","The Fearmonger chooses a player. Declare that ""the Fearmonger has chosen a player.""","The Fearmonger chooses a player. <i class=""reminder-token""></i> Declare that ""the Fearmonger has chosen a player.""","The Fearmonger chooses a player. If the player wasn't already marked with the FEAR reminder, declare that ""the Fearmonger has chosen a player.""","The Fearmonger chooses a player. <i class=""reminder-token""></i> If the player wasn't already marked with the <b>FEAR</b> reminder, declare that ""the Fearmonger has chosen a player.""",Fear,1,33,23,minion,2,experimental,FALSE,1
ferryman,Ferryman,"On the final day, all dead players regain their vote token.",,,,,,,-1,-1,fabled,101,experimental,FALSE,1
fibbin,Fibbin,"Once per game, 1 good player might get false information.",,,,,Used,1,-1,-1,fabled,101,experimental,FALSE,1
fiddler,Fiddler,"Once per game, the Demon secretly chooses an opposing player: all players choose which of these 2 players win.",,,,,,,-1,-1,fabled,101,experimental,FALSE,1
fisherman,Fisherman,"Once per game, during the day, visit the Storyteller for some advice to help you win.",,,,,No ability,1,-1,-1,townsfolk,5,experimental,FALSE,1
flowergirl,Flowergirl,"Each night*, you learn if a Demon voted today.",,,Either nod or shake your head.,Either nod or shake your head.,"Demon voted,Demon not voted","1,1",-1,65,townsfolk,3,snv,FALSE,1
fool,Fool,"The first time you die, you don't.",,,,,No ability,1,-1,-1,townsfolk,6,bmr,FALSE,1
fortuneteller,Fortune Teller,"Each night, choose 2 players: you learn if either is a Demon. There is a good player that registers as a Demon to you.",The Fortune Teller chooses 2 players. Nod if either is the Demon (or the RED HERRING).,The Fortune Teller chooses 2 players. Nod if either is the Demon (or the <b>RED HERRING</b>).,The Fortune Teller chooses 2 players. Nod if either is the Demon (or the RED HERRING).,The Fortune Teller chooses 2 players. Nod if either is the Demon (or the <b>RED HERRING</b>).,Red herring,1,46,62,townsfolk,2,tb,FALSE,1
gambler,Gambler,"Each night*, choose a player & guess their character: if you guess wrong, you die.",,,The Gambler chooses a player & a character.,"The Gambler chooses a player &amp; a character. <i class=""reminder-token""></i>",Dead,1,-1,16,townsfolk,3,bmr,FALSE,1
gangster,Gangster,"Once per day, you may choose to kill an alive neighbour, if your other alive neighbour agrees.",,,,,,,-1,-1,traveler,100,experimental,FALSE,1
gardener,Gardener,The Storyteller assigns 1 or more players' characters.,,,,,,,-1,-1,fabled,101,experimental,FALSE,1
general,General,"Each night, you learn which alignment the Storyteller believes is winning: good, evil, or neither.",Give a thumb signal.,Give a thumb signal.,Give a thumb signal.,Give a thumb signal.,,,62,78,townsfolk,2,experimental,FALSE,1
goblin,Goblin,"If you publicly claim to be the Goblin when nominated & are executed that day, your team wins.",,,,,Claimed,1,-1,-1,minion,6,experimental,FALSE,1
godfather,Godfather,"You start knowing which Outsiders are in play. If 1 died today, choose a player tonight: they die. [−1 or +1 Outsider]",Show the character tokens of all in-play Outsiders.,Show the character tokens of all in-play Outsiders.,"If an Outsider died today, the Godfather chooses a player.","If an Outsider died today, the Godfather chooses a player. <i class=""reminder-token""></i>","Died today,Dead","1,1",28,45,minion,1,bmr,TRUE,1
golem,Golem,"You may only nominate once per game. When you do, if the nominee is not the Demon, they die.",,,,,Can not nominate,1,-1,-1,outsider,6,experimental,FALSE,1
goon,Goon,"Each night, the 1st player to choose you with their ability is drunk until dusk. You become their alignment.",,,,,Drunk,1,-1,-1,outsider,2,bmr,FALSE,1
gossip,Gossip,"Each day, you may make a public statement. Tonight, if it was true, a player dies.",,,"If the Gossip is due to kill a player, they die.","If the Gossip is due to kill a player, they die. <i class=""reminder-token""></i>",Dead,1,-1,46,townsfolk,4,bmr,FALSE,1
grandmother,Grandmother,"You start knowing a good player & their character. If the Demon kills them, you die too.",Point to the grandchild player & show their character token.,Point to the grandchild player &amp; show their character token.,"If the grandchild was killed by the Demon, the Grandmother dies too.","If the grandchild was killed by the Demon, the Grandmother dies too. <i class=""reminder-token""></i>",Grandchild,1,48,59,townsfolk,1,bmr,FALSE,1
gunslinger,Gunslinger,"Each day, after the 1st vote has been tallied, you may choose a player that voted: they die.",,,,,,,-1,-1,traveler,100,experimental,FALSE,1
harlot,Harlot,"Each night*, choose a living player: if they agree, you learn their character, but you both might die.",,,"The Harlot points at any player. Then, put the Harlot to sleep. Wake the chosen player, show them the 'This character selected you' token, then the Harlot token. That player either nods their head yes or shakes their head no. If they nodded their head yes, wake the Harlot and show them the chosen player's character token. Then, you may decide that both players die.","The Harlot points at any player. Then, put the Harlot to sleep. Wake the chosen player, show them the <b>This character selected you</b> token, then the Harlot token. That player either nods their head yes or shakes their head no. If they nodded their head yes, wake the Harlot and show them the chosen player's character token. Then, you may decide that both players die. <i class=""reminder-token""></i> <i class=""reminder-token""></i>",Dead,2,-1,6,traveler,100,experimental,FALSE,1
harpy,Harpy,"Each night, choose 2 players: tomorrow, the 1st player is mad that the 2nd is evil, or both might die.","The Harpy chooses two players. Put the Harpy to sleep. Wake the 1st target. Show the THIS CHARACTER SELECTED YOU token, the Harpy token, then point to the 2nd target.","The Harpy chooses two players. <i class=""reminder-token""></i> <i class=""reminder-token""></i> Put the Harpy to sleep. Wake the 1st target. Show the <b>THIS CHARACTER SELECTED YOU</b> token, the Harpy token, then point to the 2nd target.","The Harpy chooses two players. Put the Harpy to sleep. Wake the 1st target. Show the THIS CHARACTER SELECTED YOU token, the Harpy token, then point to the 2nd target.","The Harpy chooses two players. <i class=""reminder-token""></i> <i class=""reminder-token""></i> Put the Harpy to sleep. Wake the 1st target. Show the <b>THIS CHARACTER SELECTED YOU</b> token, the Harpy token, then point to the 2nd target.","Mad,2nd","1,1",34,24,minion,2,experimental,FALSE,1
hellslibrarian,Hell's Librarian,Something bad might happen to whoever talks when the Storyteller has asked for silence.,,,,,Something Bad,1,-1,-1,fabled,101,experimental,FALSE,1
heretic,Heretic,"Whoever wins, loses & whoever loses, wins, even if you are dead.",,,,,,,-1,-1,outsider,6,experimental,FALSE,1
highpriestess,High Priestess,"Each night, learn which player the Storyteller believes you should talk to most.
",Point to a player.,Point to a player.,Point to a player.,Point to a player.,,,61,77,townsfolk,2,experimental,FALSE,1
huntsman,Huntsman,"Once per game, at night, choose a living player: the Damsel, if chosen, becomes a not-in-play Townsfolk. [+the Damsel]",The Huntsman might choose a player. If that player was the Damsel: Put the Huntsman to sleep. Wake the Damsel and show them the YOU ARE info token and their new character token.,"The Huntsman might choose a player. <i class=""reminder-token""></i> If that player was the Damsel: Put the Huntsman to sleep. Wake the Damsel and show them the <b>YOU ARE</b> info token and their new character token.",The Huntsman might choose a player. If that player was the Damsel: Put the Huntsman to sleep. Wake the Damsel and show them the YOU ARE info token and their new character token.,"The Huntsman might choose a player. <i class=""reminder-token""></i> If that player was the Damsel: Put the Huntsman to sleep. Wake the Damsel and show them the <b>YOU ARE</b> info token and their new character token.",No ability,1,38,53,townsfolk,5,experimental,TRUE,1
imp,Imp,"Each night*, choose a player: they die. If you kill yourself this way, a Minion becomes the Imp.",,,"The Imp chooses a player. If the Imp chose themselves: Replace 1 alive Minion token with a spare Imp token. Put the old Imp to sleep. Wake the new Imp. Show the YOU ARE token, then show the Imp token.","The Imp chooses a player. <i class=""reminder-token""></i> If the Imp chose themselves: Replace 1 alive Minion token with a spare Imp token. Put the old Imp to sleep. Wake the new Imp. Show the <b>YOU ARE</b> token, then show the Imp token.",Dead,1,-1,31,demon,3,tb,FALSE,4
innkeeper,Innkeeper,"Each night*, choose 2 players: they can't die tonight, but 1 is drunk until dusk.",,,The Innkeeper chooses 2 players.,"The Innkeeper chooses 2 players. <i class=""reminder-token""></i> <i class=""reminder-token""></i> <i class=""reminder-token""></i>","Protected,Drunk","2,1",-1,15,townsfolk,3,bmr,FALSE,1
investigator,Investigator,You start knowing that 1 of 2 players is a particular Minion.,Show the Minion character token. Point to both the MINION and WRONG players.,Show the Minion character token. Point to both the <b>MINION</b> and <b>WRONG</b> players.,,,"Minion,Wrong","1,1",43,-1,townsfolk,1,tb,FALSE,1
judge,Judge,"Once per game, if another player nominated, you may choose to force the current execution to pass or fail.",,,,,No ability,1,-1,-1,traveler,100,experimental,FALSE,1
juggler,Juggler,"On your 1st day, publicly guess up to 5 players' characters. That night, you learn how many you got correct.",,,Give a finger signal.,Give a finger signal.,Correct,1,-1,69,townsfolk,4,snv,FALSE,1
king,King,"Each night, if the dead outnumber the living, you learn 1 alive character. The Demon knows who you are.","Wake the Demon. Show the THIS PLAYER IS token and the King token, then point to the King.","Wake the Demon. Show the <b>THIS PLAYER IS</b> token and the King token, then point to the King.","If the dead outnumber the living, show the character token of an alive player.","If the dead outnumber the living, show the character token of an alive player.",,,17,71,townsfolk,2,experimental,FALSE,1
klutz,Klutz,"When you learn that you died, publicly choose 1 alive player: if they are evil, your team loses.",,,,,,,-1,-1,outsider,6,snv,FALSE,1
knight,Knight,"You start knowing 2 players that are not the Demon.
",Point to the two non-Demon players marked KNOW.,Point to the two non-Demon players marked <b>KNOW</b>.,,,Know,2,53,-1,townsfolk,1,experimental,FALSE,1
legion,Legion,"Each night*, a player might die. Executions fail if only evil voted. You register as a Minion too. [Most players are Legion]",,,A player might die.,"A player might die. <i class=""reminder-token""></i>","Dead,About to die","1,1",-1,30,demon,3,experimental,TRUE,-1
leviathan,Leviathan,"If more than 1 good player is executed, you win. All players know you are in play. After day 5, evil wins.","Declare that ""The Leviathan is in play."" Mark the Leviathan with the DAY 1 reminder.","Declare that ""The Leviathan is in play."" Mark the Leviathan with the <b>DAY 1</b> reminder. <i class=""reminder-token""></i>","Optionally, declare that ""The Leviathan is in play."" Replace the reminder token.","Optionally, declare that ""The Leviathan is in play."" Replace the reminder token. <i class=""reminder-token""></i>","Day 1,Day 2,Day 3,Day 4,Day 5,Good player executed","1,1,1,1,1,1",66,82,demon,6,experimental,FALSE,1
librarian,Librarian,You start knowing that 1 of 2 players is a particular Outsider. (Or that zero are in play.),Show the Outsider character token. Point to both the OUTSIDER and WRONG players.,Show the Outsider character token. Point to both the <b>OUTSIDER</b> and <b>WRONG</b> players.,,,"Outsider,Wrong","1,1",42,-1,townsfolk,1,tb,FALSE,1
lilmonsta,Lil' Monsta,"Each night, Minions choose who babysits Lil' Monsta's token & ""is the Demon"". A player dies each night*. [+1 Minion]","Wake all Minions, allow them to choose a babysitter","Wake all Minions, allow them to choose a babysitter <i class=""reminder-token""></i>","Wake all Minions, allow them to choose a babysitter A player might die","Wake all Minions, allow them to choose a babysitter <i class=""reminder-token""></i> A player might die <i class=""reminder-token""></i>","Is the Demon,Dead","1,1",22,43,demon,2,experimental,TRUE,1
lleech,Lleech,"Each night*, choose a player: they die. You start by choosing an alive player: they are poisoned - you die if & only if they die.",The Lleech chooses a player.,"The Lleech chooses a player. <i class=""reminder-token""></i>",The Lleech chooses a player.,"The Lleech chooses a player. <i class=""reminder-token""></i>","Dead,Poisoned","1,1",23,42,demon,2,experimental,FALSE,1
lunatic,Lunatic,"You think you are a Demon, but you are not. The Demon knows who you are & who you choose at night.","If there are 7 or more players, wake the Lunatic: Show the THESE ARE YOUR MINIONS token. Point to any players. Show the THESE CHARACTERS ARE NOT IN PLAY token. Show 3 good character tokens. Put the Lunatic to sleep. Wake the Demon. Show the YOU ARE info token and the Demon token. Show the THIS PLAYER IS info token and the Lunatic token, then point to the Lunatic.","If there are 7 or more players, wake the Lunatic: Show the <b>THESE ARE YOUR MINIONS</b> token. Point to any players. Show the <b>THESE CHARACTERS ARE NOT IN PLAY</b> token. Show 3 good character tokens. Put the Lunatic to sleep. Wake the Demon. Show the <b>YOU ARE</b> info token and the Demon token. Show the <b>THIS PLAYER IS</b> info token and the Lunatic token, then point to the Lunatic.","Do whatever needs to be done to simulate the Demon acting. Put the Lunatic to sleep. Wake the Demon. Show the Lunatic token & point to them, then their target(s).","Do whatever needs to be done to simulate the Demon acting. <i class=""reminder-token""></i> Put the Lunatic to sleep. Wake the Demon. Show the Lunatic token &amp; point to them, then their target(s).","Attack 1,Attack 2,Attack 3","1,1,1",15,27,outsider,6,bmr,FALSE,1
lycanthrope,Lycanthrope,"Each night*, choose a living player: if good, they die, but they are the only player that can die tonight.",,,The Lycanthrope chooses a player,"The Lycanthrope chooses a player <i class=""reminder-token""></i>",Dead,1,-1,29,townsfolk,3,experimental,FALSE,1
magician,Magician,The Demon thinks you are a Minion. Minions think you are a Demon.,Include the Magician in the Minion and Demon Info steps.,Include the Magician in the Minion and Demon Info steps.,,,,,12,-1,townsfolk,6,experimental,FALSE,1
marionette,Marionette,You think you are a good character but you are not. The Demon knows who you are. [You neighbour the Demon],Wake the Demon. Point to the player marked IS THE MARIONETTE and show the THIS PLAYER IS token and the Marionette character token.,Wake the Demon. Point to the player marked <b>IS THE MARIONETTE</b> and show the <b>THIS PLAYER IS</b> token and the Marionette character token.,,,Is the Marionette,1,19,-1,minion,6,experimental,TRUE,1
mastermind,Mastermind,"If the Demon dies by execution (ending the game), play for 1 more day. If a player is then executed, their team loses.",,,,,,,-1,-1,minion,6,bmr,FALSE,1
mathematician,Mathematician,"Each night, you learn how many players’ abilities worked abnormally (since dawn) due to another character's ability.",Give a finger signal.,Give a finger signal.,Give a finger signal.,Give a finger signal.,Abnormal,-1,64,80,townsfolk,2,snv,FALSE,1
matron,Matron,"Each day, you may choose up to 3 sets of 2 players to swap seats. Players may not leave their seats to talk in private.",,,,,,,-1,-1,traveler,100,experimental,FALSE,1
mayor,Mayor,"If only 3 players live & no execution occurs, your team wins. If you die at night, another player might die instead.",,,,,,,-1,-1,townsfolk,6,tb,FALSE,1
mezepheles,Mezepheles,You start knowing a secret word. The 1st good player to say this word becomes evil that night.,Show the written word.,Show the written word.,"If a player is marked with the TURNS EVIL reminder, wake them. Show the YOU ARE info token and a thumbs down. The Mezepheles loses their ability","If a player is marked with the <b>TURNS EVIL</b> reminder, wake them. Show the <b>YOU ARE</b> info token and a thumbs down. The Mezepheles loses their ability <i class=""reminder-token""></i>","Turns evil,No ability","1,1",35,25,minion,6,experimental,FALSE,1
minstrel,Minstrel,"When a Minion dies by execution, all other players (except travelers) are drunk until dusk tomorrow.",,,,,Everyone drunk,1,-1,-1,townsfolk,6,bmr,FALSE,1
monk,Monk,"Each night*, choose a player (not yourself): they are safe from the Demon tonight.",,,The Monk chooses a player.,"The Monk chooses a player. <i class=""reminder-token""></i>",Protected,1,-1,18,townsfolk,3,tb,FALSE,1
moonchild,Moonchild,"When you learn that you died, publicly choose 1 alive player. Tonight, if it was a good player, they die.",,,"If the Moonchild is due to kill a good player, they die.","If the Moonchild is due to kill a good player, they die. <i class=""reminder-token""></i>",Dead,1,-1,58,outsider,6,bmr,FALSE,1
mutant,Mutant,"If you are “mad” about being an Outsider, you might be executed.",,,,,,,-1,-1,outsider,6,snv,FALSE,1
nightwatchman,Nightwatchman,"Once per game, at night, choose a player: they learn who you are.",The Nightwatchman might choose a player Put the Nightwatchman to sleep. Wake the target and show the THIS PLAYER IS and Nightwatchman tokens and point to the Nightwatchman.,"The Nightwatchman might choose a player <i class=""reminder-token""></i> Put the Nightwatchman to sleep. Wake the target and show the <b>THIS PLAYER IS</b> and Nightwatchman tokens and point to the Nightwatchman.",The Nightwatchman might choose a player Put the Nightwatchman to sleep. Wake the target and show the THIS PLAYER IS and Nightwatchman tokens and point to the Nightwatchman.,"The Nightwatchman might choose a player <i class=""reminder-token""></i> Put the Nightwatchman to sleep. Wake the target and show the <b>THIS PLAYER IS</b> and Nightwatchman tokens and point to the Nightwatchman.",No ability,1,58,73,townsfolk,5,experimental,FALSE,1
noble,Noble,"You start knowing 3 players, 1 and only 1 of which is evil.",Point to all three players marked KNOW.,Point to all three players marked <b>KNOW</b>.,,,Seen,3,54,-1,townsfolk,1,experimental,FALSE,1
nodashii,No Dashii,"Each night*, choose a player: they die. Your 2 Townsfolk neighbours are poisoned.",,,The No Dashii chooses a player.,"The No Dashii chooses a player. <i class=""reminder-token""></i>","Dead,Poisoned","1,2",-1,37,demon,3,snv,FALSE,1
ojo,Ojo,"Each night*, choose a character: they die. If they are not in play, the Storyteller chooses who dies.",,,The Ojo chooses a character.,"The Ojo chooses a character. <i class=""reminder-token""></i>",Dead,1,-1,40,demos,3,experimental,FALSE,1
oracle,Oracle,"Each night*, you learn how many dead players are evil.",,,Give a finger signal.,Give a finger signal.,,,-1,67,townsfolk,3,snv,FALSE,1
organgrinder,Organ Grinder,"All players keep their eyes closed when voting & the vote tally is secret. Votes for you only count if you vote.",,,,,About to Die,1,-1,-1,minion,6,experimental,FALSE,1
pacifist,Pacifist,Executed good players might not die.,,,,,,,-1,-1,townsfolk,6,bmr,FALSE,1
philosopher,Philosopher,"Once per game, at night, choose a good character: gain that ability. If this character is in play, they are drunk.","The Philosopher might choose a character. If necessary, swap their character token.","The Philosopher might choose a character. If necessary, swap their character token. <i class=""reminder-token""></i> <i class=""reminder-token""></i>","The Philosopher might choose a character. If necessary, swap their character token.","The Philosopher might choose a character. If necessary, swap their character token. <i class=""reminder-token""></i>","Drunk,Is the Philosopher","1,1",9,8,townsfolk,5,snv,FALSE,1
pithag,Pit-Hag,"Each night*, choose a player & a character they become (if not-in-play). If a Demon is made, deaths tonight are arbitrary.",,,The Pit-Hag chooses a player & a character. If they chose a character that is not in play: Put the Pit-Hag to sleep. Wake the target. Show the YOU ARE token & their new character token.,The Pit-Hag chooses a player &amp; a character. If they chose a character that is not in play: Put the Pit-Hag to sleep. Wake the target. Show the <b>YOU ARE</b> token &amp; their new character token.,,,-1,22,minion,3,snv,FALSE,1
pixie,Pixie,"You start knowing 1 in-play Townsfolk. If you were mad that you were this character, you gain their ability when they die.",Show the Townsfolk character token marked MAD.,Show the Townsfolk character token marked <b>MAD</b>.,,,"Mad,Has ability","1,1",37,-1,townsfolk,1,experimental,FALSE,1
plaguedoctor,Plague Doctor,"If you die, the Storyteller gains a not-in-play Minion ability.",,,,,Storyteller ability,1,-1,-1,outsider,6,experimental,FALSE,1
po,Po,"Each night*, you may choose a player: they die. If your last choice was no-one, choose 3 players tonight.",,,The Po may choose a player OR chooses 3 players if they chose no-one last night. or,"The Po may choose a player OR chooses 3 players if they chose no-one last night. <i class=""reminder-token""></i> or <i class=""reminder-token""></i> <i class=""reminder-token""></i> <i class=""reminder-token""></i>","Dead,3 attacks","3,1",-1,35,demon,3,bmr,FALSE,1
poisoner,Poisoner,"Each night, choose a player: they are poisoned tonight and tomorrow day.",The Poisoner chooses a player.,"The Poisoner chooses a player. <i class=""reminder-token""></i>",The Poisoner chooses a player.,"The Poisoner chooses a player. <i class=""reminder-token""></i>",Poisoned,1,24,13,minion,2,tb,FALSE,1
politician,Politician,"If you were the player most responsible for your team losing, you change alignment & win, even if dead.",,,,,,,-1,-1,outsider,6,experimental,FALSE,1
poppygrower,Poppy Grower,"Minions & Demons do not know each other. If you die, they learn who each other are that night.","Do not do the Minion Info and Demon Info steps. Wake the Demon, show the THESE CHARACTERS ARE NOT IN PLAY info token and any three good character tokens that are not in play.","Do not do the Minion Info and Demon Info steps. Wake the Demon, show the <b>THESE CHARACTERS ARE NOT IN PLAY</b> info token and any three good character tokens that are not in play.","If the Poppy Grower died today or tonight, wake the Minions, show the THIS IS THE DEMON info token and point to the Demon. Put them to sleep. Wake the Demon, show the THESE ARE YOUR MINIONS info token and point to the Minions. Put the Demon to sleep.","If the Poppy Grower died today or tonight, wake the Minions, show the <b>THIS IS THE DEMON</b> info token and point to the Demon. Put them to sleep. Wake the Demon, show the <b>THESE ARE YOUR MINIONS</b> info token and point to the Minions. Put the Demon to sleep.",Evil wakes,1,11,9,townsfolk,6,experimental,FALSE,1
preacher,Preacher,"Each night, choose a player: a Minion, if chosen, learns this. All chosen Minions have no ability.",The Preacher chooses a player. If they chose a Minion: Put the Preacher to sleep. Wake the target. Show the THIS CHARACTER SELECTED YOU token and the Preacher token.,"The Preacher chooses a player. <i class=""reminder-token""></i> If they chose a Minion: Put the Preacher to sleep. Wake the target. Show the <b>THIS CHARACTER SELECTED YOU</b> token and the Preacher token.",The Preacher chooses a player. If they chose a Minion: Put the Preacher to sleep. Wake the target. Show the THIS CHARACTER SELECTED YOU token and the Preacher token.,"The Preacher chooses a player. <i class=""reminder-token""></i> If they chose a Minion: Put the Preacher to sleep. Wake the target. Show the <b>THIS CHARACTER SELECTED YOU</b> token and the Preacher token.",At a sermon,1,21,12,townsfolk,2,experimental,FALSE,1
professor,Professor,"Once per game, at night*, choose a dead player: if they are a Townsfolk, they are resurrected.",,,The Professor might choose a dead player.,"The Professor might choose a dead player. <i class=""reminder-token""></i> <i class=""reminder-token""></i>","Alive,No ability","1,1",-1,51,townsfolk,5,bmr,FALSE,1
psychopath,Psychopath,"Each day, before nominations, you may publicly choose a player: they die. If executed, you only die if you lose roshambo.",,,,,,,-1,-1,minion,4,experimental,FALSE,1
pukka,Pukka,"Each night, choose a player: they are poisoned. The previously poisoned player dies then becomes healthy.",The Pukka chooses a player.,"The Pukka chooses a player. <i class=""reminder-token""></i>",The Pukka chooses a player. The previously poisoned player dies then becomes healthy.,"The Pukka chooses a player. <i class=""reminder-token""></i> The previously poisoned player dies then becomes healthy. <i class=""reminder-token""></i>","Poisoned,Dead","1,1",36,33,demon,2,bmr,FALSE,1
puzzlemaster,Puzzlemaster,"1 player is drunk, even if you die. If you guess (once) who it is, learn the Demon player, but guess wrong & get false info.",,,,,"Drunk,Guess used","1,1",-1,-1,outsider,5,experimental,FALSE,1
ravenkeeper,Ravenkeeper,"If you die at night, you are woken to choose a player: you learn their character.",,,"If the Ravenkeeper died tonight, the Ravenkeeper chooses a player. Show that player's character token.","If the Ravenkeeper died tonight, the Ravenkeeper chooses a player. Show that player's character token.",,,-1,60,townsfolk,6,tb,FALSE,1
recluse,Recluse,"You might register as evil & as a Minion or Demon, even if dead.",,,,,,,-1,-1,outsider,6,tb,FALSE,1
revolutionary,Revolutionary,"2 neighboring players are known to be the same alignment. Once per game, one of them registers falsely",,,,,Register Falsely?,1,-1,-1,fabled,101,experimental,FALSE,1
riot,Riot,"Nominees die, but may nominate again immediately (on day 3, they must). After day 3, evil wins. [All Minions are Riot]",,,,,,,-1,-1,demon,6,experimental,TRUE,4
sage,Sage,"If the Demon kills you, you learn that it is 1 of 2 players.",,,"If the Demon killed the Sage, wake the Sage and point to 2 players, 1 of which is the Demon.","If the Demon killed the Sage, wake the Sage and point to 2 players, 1 of which is the Demon.",,,-1,50,townsfolk,6,snv,FALSE,1
sailor,Sailor,"Each night, choose an alive player: either you or they are drunk until dusk. You can't die.",The Sailor chooses a living player.,"The Sailor chooses a living player. <i class=""reminder-token""></i>",The Sailor chooses a living player.,"The Sailor chooses a living player. <i class=""reminder-token""></i>",Drunk,1,18,10,townsfolk,2,bmr,FALSE,1
saint,Saint,"If you die by execution, your team loses.",,,,,,,-1,-1,outsider,6,tb,FALSE,1
savant,Savant,"Each day, you may visit the Storyteller to learn 2 things in private: 1 is true & 1 is false.",,,,,,,-1,-1,townsfolk,4,snv,FALSE,1
scapegoat,Scapegoat,"If a player of your alignment is executed, you might be executed instead.",,,,,,,-1,-1,traveler,100,experimental,FALSE,1
scarletwoman,Scarlet Woman,"If there are 5 or more players alive & the Demon dies, you become the Demon. (travelers don’t count)",,,"If the Scarlet Woman became the Imp today, show them the YOU ARE token, then the Imp token.","If the Scarlet Woman became the Imp today, show them the <b>YOU ARE</b> token, then the Imp token.",Demon,1,-1,26,minion,6,tb,FALSE,1
seamstress,Seamstress,"Once per game, at night, choose 2 players (not yourself): you learn if they are the same alignment.",The Seamstress might choose 2 players. Nod or shake your head.,"The Seamstress might choose 2 players. Nod or shake your head. <i class=""reminder-token""></i>",The Seamstress might choose 2 players. Nod or shake your head.,"The Seamstress might choose 2 players. Nod or shake your head. <i class=""reminder-token""></i>",No ability,1,51,68,townsfolk,5,snv,FALSE,1
sentinel,Sentinel,There might be 1 extra or 1 fewer Outsider in-play.,,,,,,,-1,-1,fabled,101,experimental,FALSE,1
shabaloth,Shabaloth,"Each night*, choose 2 players: they die. A dead player you chose last night might be regurgitated.",,,A previously chosen player might be resurrected. The Shabaloth chooses 2 players.,"A previously chosen player might be resurrected. <i class=""reminder-token""></i> The Shabaloth chooses 2 players. <i class=""reminder-token""></i> <i class=""reminder-token""></i>","Dead,Alive","2,1",-1,34,demon,3,bmr,FALSE,1
shugenja,Shugenja,"You start knowing if your closest evil player is clockwise or anti-clockwise. If equidistant, this info is arbitrary.",Point clockwise or anticlockwise around the circle.,Point clockwise or anticlockwise around the circle.,,,,,56,-1,townsfolk,1,experimental,FALSE,1
slayer,Slayer,"Once per game, during the day, publicly choose a player: if they are the Demon, they die.",,,,,No ability,1,-1,-1,townsfolk,5,tb,FALSE,1
snakecharmer,Snake Charmer,"Each night, choose an alive player: a chosen Demon swaps characters & alignments with you & is then poisoned.",The Snake Charmer chooses a player. If they chose the Demon: Show the YOU ARE & Demon tokens. Give a thumbs down. Swap the Snake Charmer & Demon tokens. Put the old Snake Charmer to sleep. Wake the old Demon. Show the YOU ARE and Snake Charmer tokens & give a thumbs up.,"The Snake Charmer chooses a player. If they chose the Demon: Show the <b>YOU ARE</b> &amp; Demon tokens. Give a thumbs down. Swap the Snake Charmer &amp; Demon tokens. Put the old Snake Charmer to sleep. Wake the old Demon. Show the <b>YOU ARE</b> and Snake Charmer tokens &amp; give a thumbs up. <i class=""reminder-token""></i>",The Snake Charmer chooses a player. If they chose the Demon: Show the YOU ARE & Demon tokens. Give a thumbs down. Swap the Snake Charmer & Demon tokens. Put the old Snake Charmer to sleep. Wake the old Demon. Show the YOU ARE and Snake Charmer tokens & give a thumbs up.,"The Snake Charmer chooses a player. If they chose the Demon: Show the <b>YOU ARE</b> &amp; Demon tokens. Give a thumbs down. Swap the Snake Charmer &amp; Demon tokens. Put the old Snake Charmer to sleep. Wake the old Demon. Show the <b>YOU ARE</b> and Snake Charmer tokens &amp; give a thumbs up. <i class=""reminder-token""></i>",Poisoned,1,27,17,townsfolk,2,snv,FALSE,1
snitch,Snitch,Minions start knowing 3 not-in-play characters.,Wake each Minion. Show the THESE CHARACTERS ARE NOT IN PLAY token and three not-in-play character tokens. Put each Minion to sleep.,Wake each Minion. Show the <b>THESE CHARACTERS ARE NOT IN PLAY</b> token and three not-in-play character tokens. Put each Minion to sleep.,,,,,14,-1,outsider,1,experimental,FALSE,1
soldier,Soldier,You are safe from the Demon.,,,,,,,-1,-1,townsfolk,6,tb,FALSE,1
spiritofivory,Spirit Of Ivory,There can't be more than 1 extra evil player.,,,,,No extra evil,1,-1,-1,fabled,101,experimental,FALSE,1
spy,Spy,"Each night, you see the Grimoire. You might register as good & as a Townsfolk or Outsider, even if dead.",Show the Grimoire for as long as the Spy needs.,Show the Grimoire for as long as the Spy needs.,Show the Grimoire for as long as the Spy needs.,Show the Grimoire for as long as the Spy needs.,,,60,76,minion,2,tb,FALSE,1
steward,Steward,"You start knowing 1 good player.",Point to the good player marked KNOW.,Point to the good player marked <b>KNOW</b>.,,,Know,1,52,-1,townsfolk,1,experimental,FALSE,1
stormcatcher,Storm Catcher,"Name a good character. If in play, they can only die by execution, but evil players learn which player it is.","At the start of the night, announce which character is favoured by the Storm Catcher. If that character is in play, mark that player as ""Safe"". Wake each evil player and show them the character token, then the marked player.
  If not in play, wake each evil player, show them the ""These Characters Are Not In Play"" info token and the relevant character token.","At the start of the night, announce which character is favoured by the Storm Catcher. If that character is in play, mark that player as <b>Safe</b>. Wake each evil player and show them the character token, then the marked player.
  If not in play, wake each evil player, show them the <b>These Characters Are Not In Play</b> info token and the relevant character token.",,,Safe,1,3,-1,fabled,101,experimental,FALSE,1
sweetheart,Sweetheart,"When you die, 1 player is drunk from now on.",,,"If the Sweetheart died, a player became drunk immediately. If you haven't done this yet, do so now.","If the Sweetheart died, a player became drunk immediately. If you haven't done this yet, do so now. <i class=""reminder-token""></i>",Drunk,1,-1,49,outsider,6,snv,FALSE,1
tealady,Tea Lady,"If both your alive neighbours are good, they can't die.",,,,,Can not die,2,-1,-1,townsfolk,6,bmr,FALSE,1
thief,Thief,"Each night, choose a player (not yourself): their vote counts negatively tomorrow.",The Thief chooses a player.,"The Thief chooses a player. <i class=""reminder-token""></i>",The Thief chooses a player.,"The Thief chooses a player. <i class=""reminder-token""></i>",Negative vote,1,8,7,traveler,100,experimental,FALSE,1
tinker,Tinker,You might die at any time.,,,The Tinker might die.,"The Tinker might die. <i class=""reminder-token""></i>",Dead,1,-1,57,outsider,6,bmr,FALSE,1
towncrier,Town Crier,"Each night*, you learn if a Minion nominated today.",,,Either nod or shake your head.,Either nod or shake your head.,"Minions not nominated,Minion nominated","1,1",-1,66,townsfolk,3,snv,FALSE,1
toymaker,Toymaker,The Demon may choose not to attack & must do this at least once per game. Evil players get normal starting info.,Resolve the Minion Info and Demon Info steps even though there are fewer than 7 players.,Resolve the Minion Info and Demon Info steps even though there are fewer than 7 players.,"If it is a night when a Demon attack could end the game, and the Demon is marked ""Final night: No Attack,"" then the Demon does not act tonight. (Do not wake them.)","If it is a night when a Demon attack could end the game, and the Demon is marked <b>Final night: No Attack</b>, then the Demon does not act tonight. (Do not wake them.)",No Attack,1,4,2,fabled,101,experimental,FALSE,1
undertaker,Undertaker,"Each night*, you learn which character died by execution today.",,,"If a player was executed today, show their character token.","If a player was executed today, show their character token.",Executed,1,-1,63,townsfolk,3,tb,FALSE,1
vigormortis,Vigormortis,"Each night*, choose a player: they die. Minions you kill keep their ability & poison 1 Townsfolk neighbour. [−1 Outsider]",,,"The Vigormortis chooses a player. If that player is a Minion, poison a neighboring Townsfolk.","The Vigormortis chooses a player. <i class=""reminder-token""></i> If that player is a Minion, poison a neighboring Townsfolk. <i class=""reminder-token""></i> <i class=""reminder-token""></i>","Dead,Has ability,Poisoned","1,3,3",-1,39,demon,3,snv,TRUE,1
virgin,Virgin,"The 1st time you are nominated, if the nominator is a Townsfolk, they are executed immediately.",,,,,No ability,1,-1,-1,townsfolk,6,tb,FALSE,1
vizier,Vizier,"All players know who you are. You can not die during the day. If good voted, you may choose to execute immediately.",Announce the Vizier player to the group.,Announce the Vizier player to the group.,,,,,67,-1,minion,6,experimental,FALSE,1
vortox,Vortox,"Each night*, choose a player: they die. Townsfolk abilities yield false info. Each day, if no-one is executed, evil wins.",,,The Vortox chooses a player.,"The Vortox chooses a player. <i class=""reminder-token""></i>",Dead,1,-1,38,demon,3,snv,FALSE,1
voudon,Voudon,Only you and the dead can vote. They don't need a vote token to do so. A 50% majority is not required.,,,,,,,-1,-1,traveler,100,experimental,FALSE,1
washerwoman,Washerwoman,You start knowing that 1 of 2 players is a particular Townsfolk.,Show the Townsfolk character token. Point to both the TOWNSFOLK and WRONG players.,Show the Townsfolk character token. Point to both the <b>TOWNSFOLK</b> and <b>WRONG</b> players.,,,"Townsfolk,Wrong","1,1",41,-1,townsfolk,1,tb,FALSE,1
widow,Widow,"On your 1st night, look at the Grimoire and choose a player: they are poisoned. 1 good player knows a Widow is in play.",Show the Grimoire for as long as the Widow needs. The Widow chooses a player.,"Show the Grimoire for as long as the Widow needs. The Widow chooses a player. <i class=""reminder-token""></i>",,,"Poisoned,Knows","1,1",25,-1,minion,1,experimental,FALSE,1
witch,Witch,"Each night, choose a player: if they nominate tomorrow, they die. If just 3 players live, you lose this ability.",The Witch chooses a player.,"The Witch chooses a player. <i class=""reminder-token""></i>",The Witch chooses a player.,"The Witch chooses a player. <i class=""reminder-token""></i>",Cursed,1,31,20,minion,2,snv,FALSE,1
zombuul,Zombuul,"Each night*, if no-one died today, choose a player: they die. The 1st time you die, you live but register as dead.",,,"If no one died today, the Zombuul chooses a player.","If no one died today, the Zombuul chooses a player. <i class=""reminder-token""></i>","Died today,Dead","1,1",-1,32,demon,3,bmr,FALSE,1
dawn,Dawn,,Wait for a few seconds. End the Night Phase.,Wait for a few seconds. End the Night Phase.,Wait for a few seconds. End the Night Phase.,Wait for a few seconds. End the Night Phase.,,,65,81,reminders,102,,FALSE,0
demoninfo,Demon Info,,"If there are 7 or more players, wake the Demon:
Show the THESE ARE YOUR MINIONS token. Point to all Minions.
Show the THESE CHARACTERS ARE NOT IN PLAY token. Show 3 not-in-play good character tokens.","If there are 7 or more players, wake the Demon:
 Show the <b>THESE ARE YOUR MINIONS</b> token. Point to all Minions.
 Show the <b>THESE CHARACTERS ARE NOT IN PLAY</b> token. Show 3 not-in-play good character tokens.",,,,,16,-1,reminders,102,,FALSE,0
dusk,Dusk,,Start the Night Phase.,Start the Night Phase.,Start the Night Phase.,Start the Night Phase.,,,0,0,reminders,102,,FALSE,0
minioninfo,Minion Info,,"If there are 7 or more players, wake all Minions:
Show the THIS IS THE DEMON token. Point to the Demon.
Show the THESE ARE YOUR MINIONS token. Point to the other Minions.","If there are 7 or more players, wake all Minions:
 Show the <b>THIS IS THE DEMON</b> token. Point to the Demon.
 Show the <b>THESE ARE YOUR MINIONS</b> token. Point to the other Minions.",,,,,13,-1,reminders,102,,FALSE,0