id,name,ability,firstNightReminder,firstNightReminderMD,otherNightReminder,otherNightReminderMD,reminders,reminderCopies,firstNight,otherNight,team,sao,edition,setup,tokenCopies
acrobat,לוליין,"בכל לילה*, אם אחד מהשכנים הטובים החיים שלך שיכור או מורעל, אתה מת.",,,,,מת,1,-1,46,outsider,3,experimental,FALSE,1
alchemist,אלכימאי,יש לך יכולת של משרת שלא במשחק.,הראה את אסימון 'אתה' ואסימון של דמות משרת מחוץ למשחק,הראה את אסימון <b>אתה</b> ואסימון של דמות משרת מחוץ למשחק,,,האלכימאי,1,10,-1,townsfolk,6,experimental,FALSE,1
alhadikhia,אל-חדיקיה,"בכל לילה*, בחר שלושה שחקנים (כל השחקנים יודעים במי בחרת). כל אחד מהם בוחר לחיות או למות, אבל אם כולם חיים, כולם מתים.",,,"האל-חדיקיה בוחר 3 שחקנים.    הער את השחקן המסומן '1' ותגיד בקול ""האל-חדיקיה בחר ב"" ואת שם השחקן שנבחר, ואז ""האם אתה בוחר לחיות?"". הם יהנהנו או ינידו בראשם. החזר אותם לישון והוסף או הורד מיסוך בהתאם. חזור על התהליך עבור השחקנים המסומנים '2' ו'3'. אם כל שלושת השחקנים חיים עכשיו, הוסף מיסוך לשלושתם.","האל-חדיקיה בוחר 3 שחקנים. <i class=""reminder-token""></i> <i class=""reminder-token""></i> <i class=""reminder-token""></i> הער את השחקן המסומן <b>1</b> ותגיד בקול ""האל-חדיקיה בחר ב"" ואת שם השחקן שנבחר, ואז ""האם אתה בוחר לחיות?"". הם יהנהנו או ינידו בראשם. החזר אותם לישון והוסף או הורד מיסוך בהתאם. חזור על התהליך עבור השחקנים המסומנים <b>2</b> ו<b>3</b>. אם כל שלושת השחקנים חיים עכשיו, הוסף מיסוך לשלושתם.","1,2,3,בוחר בחיים, בוחר במוות","1,1,1,3,3",-1,40,demon,3,experimental,FALSE,1
amnesiac,אמנזי,"אתה לא יודע מה היכולת שלך. בכל יום, אתה יכול לנחש בפרטיות מה היכולת. אתה לומד כמה אתה קרוב.",?,?,?,?,?,1,40,54,townsfolk,4,experimental,FALSE,1
angel,מלאך,משהו רע עלול לקרות למי שהיה הכי אחראי על המוות של שחקן חדש.,"הכרז איזה שחקנים מוגנים ע""י המלאך. הוסף את אסימון 'מוגן' ליד השחקנים הרלוונטיים","הכרז איזה שחקנים מוגנים ע""י המלאך. הוסף את אסימון <b>מוגן</b> ליד השחקנים הרלוונטיים",,,"מוגן, משהו רע","-1,-1",1,-1,fabled,101,experimental,FALSE,1
apprentice,מתמחה,"בלילה הראשון שלך, אתה מקבל יכולת של תושב-עיירה (אם אתה טוב) או של משרת (אם אתה רע).","הראה למתמחה את קלף 'אתה', ואז אסימון של איש-עיירה או משרת. בגרימואר, החלף את אסימון המתמחה עם האסימון שהוא ראה, ושים את אסימון התזכורת 'המתמחה' ליד אסימון הדמות.","הראה למתמחה את קלף <b>אתה</b>, ואז אסימון של איש-עיירה או משרת. בגרימואר, החלף את אסימון המתמחה עם האסימון שהוא ראה, ושים את אסימון התזכורת <b>המתמחה</b> ליד אסימון הדמות.",,,המתמחה,1,5,-1,traveler,100,experimental,FALSE,1
artist,אמן,"פעם אחת במשחק, במהלך היום, תשאל את מספר-הסיפורים בפרטיות כל שאלה של כן או לא.",,,,,ללא יכולת,1,-1,-1,townsfolk,5,snv,FALSE,1
assassin,מתנקש,"פעם אחת במשחק, במהלך הלילה, בחר שחקן: הוא מת, אפילו אם מסיבה מסוימת הוא לא יכול למות.",,,המתנקש עלול לבחור בשחקן.  ,"המתנקש עלול לבחור בשחקן. <i class=""reminder-token""></i> <i class=""reminder-token""></i>","מת, ללא יכולת","1,1",-1,43,minion,5,bmr,FALSE,1
atheist,אתאיסט,"מספר-הסיפורים יכול לשבור את חוקי המשחק ואם מוציאים אותו להורג, הטובים מנצחים, אפילו אם אתה מת. [אין דמויות רעות]",,,,,,,-1,-1,townsfolk,6,experimental,TRUE,1
balloonist,מפריח בלונים,"בכל לילה, אתה לומד שחקן אחד מכל סוג דמות, עד שאין יותר סוגים ללמוד. [+1 זר]",הראה שחקן כלשהו ,"הראה שחקן כלשהו <i class=""reminder-token""></i>",הראה שחקן עם סוג דמות שונה מהלילות הקודמים. ,"הראה שחקן עם סוג דמות שונה מהלילות הקודמים. <i class=""reminder-token""></i>","ראה תושב-עיירה, ראה זר, ראה משרת, ראה שד, ראה מטייל","1,1,1,1,1",55,69,townsfolk,2,experimental,TRUE,1
barber,ספר,"אם מתת היום או הלילה, השד רשאי לבחור 2 שחקנים (לא שד אחר) כך שיחליפו דמויות.",,,"אם הספר מת  היום או הלילה, הראה לשד את קלף 'הדמות הזו בחרה בך' ואת אסימון הספר. אם השד בחר ב2 שחקנים, הער אותם אחד בכל פעם.  הראה את קלף 'אתה' ואת אסימון הדמות החדשה שלהם.","אם הספר מת  היום או הלילה, הראה לשד את קלף <b>הדמות הזו בחרה בך</b> ואת אסימון הספר. אם השד בחר ב2 שחקנים, הער אותם אחד בכל פעם.  הראה את קלף <b>אתה</b> ואת אסימון הדמות החדשה שלהם.",מסתפר הלילה,1,-1,47,outsider,6,snv,FALSE,1
barista,בריסטה,"בכל לילה, עד בין הערביים 1) שחקן הופך לפיכח ובריא ומקבל מידע נכון או 2) היכולת שלו פועלת פעמיים. השחקן לומד מה קרה.",בחר שחקן.  הער אותו וספר לו איזה מכוחות הבריסטה משפיע עליו. התייחס אליו בהתאם (פיכח ובריא/מפעיל את היכולת פעמיים).,"בחר שחקן. <i class=""reminder-token""></i> הער אותו וספר לו איזה מכוחות הבריסטה משפיע עליו. התייחס אליו בהתאם (פיכח ובריא/מפעיל את היכולת פעמיים).",בחר שחקן.  הער אותו וספר לו איזה מכוחות הבריסטה משפיע עליו. התייחס אליו בהתאם (פיכח ובריא/מפעיל את היכולת פעמיים).,"בחר שחקן. <i class=""reminder-token""></i> הער אותו וספר לו איזה מכוחות הבריסטה משפיע עליו. התייחס אליו בהתאם (פיכח ובריא/מפעיל את היכולת פעמיים).","פיכח ובריא, יכולת פעמיים","1,1",6,3,traveler,100,experimental,FALSE,1
baron,ברון,יש זרים נוספים במשחק. [+2 זרים],,,,,,,-1,-1,minion,6,tb,TRUE,1
beggar,קבצן,"אתה חייב להשתמש באסימון הצבעה כדי להצביע. שחקנים מתים רשאים לתת לך את שלהם אם הם בוחרים בכך. אם זה קורה, אתה לומד מה השיוך שלהם. אתה פיכח ובריא.",,,,,,,-1,-1,traveler,100,experimental,FALSE,1
bishop,בישוף,רק מספר-הסיפורים יכול להעמיד להצבעה. לפחות שחקן אחד מהקבוצה הנגדית חייב לעמוד להצבעה בכל יום.,,,,,"להציע טוב, להציע רע","1,1",-1,-1,traveler,100,experimental,FALSE,1
bonecollector,אספן עצמות,"פעם אחת במשחק, בלילה, בחר שחקן מת: הוא מקבל את היכולת שלו עד בין הערביים.",,,"אספן העצמות מניד את ראשו או מצביע על שחקן מת כלשהו. אם הוא הצביע על שחקן מת, שים את תזכורת 'יש יכולת' של אספן העצמות ליד אסימון הדמות של השחקן הנבחר.  (הם עלולים להצטרך לקום הלילה כדי להשתמש ביכולת)","אספן העצמות מניד את ראשו או מצביע על שחקן מת כלשהו. אם הוא הצביע על שחקן מת, שים את תזכורת <b>יש יכולת</b> של אספן העצמות ליד אסימון הדמות של השחקן הנבחר. <i class=""reminder-token""></i> (הם עלולים להצטרך לקום הלילה כדי להשתמש ביכולת)","אין יכולת, יש יכולת","1,1",-1,4,traveler,100,experimental,FALSE,1
boomdandy,פצצאבאלה,"אם הוציאו אותך להורג, כולם חוץ מ3 שחקנים מתים. דקה לאחר מכן, השחקן שהכי הרבה שחקנים מצביעים עליו מת.",,,,,,,-1,-1,minion,6,experimental,FALSE,1
bootlegger,מבריח,בתסריט הזה יש דמויות לא רשמיות או חוקי בית,,,,,,,-1,-1,fabled,101,experimental,FALSE,1
bountyhunter,צייד ראשים,"אתה מתחיל בידיעה ששחקן אחד הוא רע. אם השחקן שאתה יודע עליו מת, אתה לומד על שחקן רע נוסף במהלך הלילה. [תושב-עיירה אחד הוא רע]",הצבע על השחקן ה'ידוע'.,הצבע על השחקן ה<b>ידוע</b>.,"אם השחקן ה'ידוע' מת היום או הלילה, הצבע על שחקן 'ידוע' חדש.","אם השחקן ה<b>ידוע</b> מת היום או הלילה, הצבע על שחקן <b>ידוע</b> חדש.",ידוע,1,56,71,townsfolk,1,experimental,TRUE,1
buddhist,בודהיסט,"ב2 הדקות הראשונות של כל יום, שחקנים ותיקים לא רשאים לדבר.",הכרז איזה מהשחקנים מושפעים על ידי הבודהיסט,הכרז איזה מהשחקנים מושפעים על ידי הבודהיסט,,,,,2,-1,fabled,101,experimental,FALSE,1
bureaucrat,משרדן,"בכל לילה, בחר שחקן (חוץ מעצמך): הקול שלו נחשב כ3 קולות מחר.",המשרדן בוחר שחקן. ,"המשרדן בוחר שחקן. <i class=""reminder-token""></i>",המשרדן בוחר שחקן. ,"המשרדן בוחר שחקן. <i class=""reminder-token""></i>",3 קולות,1,7,5,traveler,100,experimental,FALSE,1
butcher,קצב,"בכל יום, אחרי ההוצאה הראשונה להורג, אתה רשאי להעמיד להצבעה פעם נוספת.",,,,,,,-1,-1,traveler,100,experimental,FALSE,1
butler,מלצר,"בכל לילה, בחר שחקן (חוץ מעצמך): מחר, אתה רשאי להצביע רק אם הוא מצביע גם כן.",המלצר בוחר שחקן. ,"המלצר בוחר שחקן. <i class=""reminder-token""></i>",המלצר בוחר שחקן. ,"המלצר בוחר שחקן. <i class=""reminder-token""></i>",אדון,1,47,74,outsider,2,tb,FALSE,1
cannibal,קניבל,"יש לך את היכולת של השחקן האחרון שהוצא להורג. אם  הוא היה רע, אתה מורעל עד ששחקן טוב מת על ידי הוצאה להורג.",,,,,"מורעל, מת היום","1,1",-1,-1,townsfolk,6,experimental,FALSE,1
cerenovus,סרנובוס,"בכל לילה, בחר שחקן ודמות טובה: הוא ""משוגע"" שהוא הדמות הזו מחר, או שהוא עלול למות.","הסרנובוס בוחר שחקן ודמות.  החזר את הסרנובוס לישון. הער את המטרה. הראה את הקלף 'הדמות הזו בחרה בך', את אסימון הסרנובוס, ואז את אסימון הדמות עליה הוא משוגע.","הסרנובוס בוחר שחקן ודמות. <i class=""reminder-token""></i> החזר את הסרנובוס לישון. הער את המטרה. הראה את הקלף <b>הדמות הזו בחרה בך</b>, את אסימון הסרנובוס, ואז את אסימון הדמות עליה הוא משוגע.","הסרנובוס בוחר שחקן ודמות.  החזר את הסרנובוס לישון. הער את המטרה. הראה את הקלף 'הדמות הזו בחרה בך', את אסימון הסרנובוס, ואז את אסימון הדמות עליה הוא משוגע.","הסרנובוס בוחר שחקן ודמות. <i class=""reminder-token""></i> החזר את הסרנובוס לישון. הער את המטרה. הראה את הקלף <b>הדמות הזו בחרה בך</b>, את אסימון הסרנובוס, ואז את אסימון הדמות עליה הוא משוגע.",משוגע,1,32,21,minion,2,snv,FALSE,1
chambermaid,חדרנית,"בכל לילה, בחרי 2 שחקנים חיים (לא את עצמך): את לומדת כמה מהם קמו הלילה בגלל היכולת שלהם.",החדרנית בוחרת 2 שחקנים חיים. סמן לה עם האצבעות.,החדרנית בוחרת 2 שחקנים חיים. סמן לה עם האצבעות.,החדרנית בוחרת 2 שחקנים חיים. סמן לה עם האצבעות.,החדרנית בוחרת 2 שחקנים חיים. סמן לה עם האצבעות.,,,62,78,townsfolk,2,bmr,FALSE,1
chef,שף,אתה מתחיל בידיעה של כמה זוגות של שחקנים רעים יש במשחק.,סמן עם האצבעות.,סמן עם האצבעות.,,,,,44,-1,townsfolk,1,tb,FALSE,1
choirboy,נער מקהלה,"אם השד הורג את המלך, אתה לומד איזה שחקן הוא השד. [+המלך]",,,"אם המלך נהרג על ידי השד, הצבע על השחקן של השד.","אם המלך נהרג על ידי השד, הצבע על השחקן של השד.",,,-1,51,townsfolk,6,experimental,TRUE,1
clockmaker,יצרן שעונים,אתה מתחיל בידיעה של כמה צעדים יש מהשד למשרת הקרוב אליו.,סמן עם האצבעות.,סמן עם האצבעות.,,,,,49,-1,townsfolk,1,snv,FALSE,1
courtier,חצרן,"פעם אחת במשחק, בלילה, בחר דמות: היא שיכורה ל3 לילות ו3 ימים.",החצרן עלול לבחור דמות  .,"החצרן עלול לבחור דמות <i class=""reminder-token""></i> <i class=""reminder-token""></i>.",החצרן עלול לבחור דמות  .,"החצרן עלול לבחור דמות <i class=""reminder-token""></i> <i class=""reminder-token""></i>.","שיכור 3, שיכור 2, שיכור 1, אין יכולת","1,1,1,1",26,14,townsfolk,5,bmr,FALSE,1
cultleader,מנהיג כת,"בכל לילה, אתה הופך לשיוך של שכן חי שלך. אם כל השחקנים הטובים מצטרפים לכת שלך, הקבוצה שלך מנצחת.","מנהיג הכת עלול לשנות שיוך. אם כן, הראה את קלף 'אתה' ואגודל למעלה או למטה בהתאם לשיוך החדש.","מנהיג הכת עלול לשנות שיוך. אם כן, הראה את קלף <b>אתה</b> ואגודל למעלה או למטה בהתאם לשיוך החדש.","מנהיג הכת עלול לשנות שיוך. אם כן, הראה את קלף 'אתה' ואגודל למעלה או למטה בהתאם לשיוך החדש.","מנהיג הכת עלול לשנות שיוך. אם כן, הראה את קלף <b>אתה</b> ואגודל למעלה או למטה בהתאם לשיוך החדש.",,,58,73,townsfolk,2,experimental,FALSE,1
damsel,עלמה,"כל המשרתים יודעים שאת במשחק. אם משרת מנחש אותך בפומבי (פעם אחת), הקבוצה שלך מפסידה.",הער כל משרת. הראה את אסימון העלה. החזר את המשרת לישון.,הער כל משרת. הראה את אסימון העלה. החזר את המשרת לישון.,"אם העלמה נבחרה על ידי הצייד, הראה לה את קלף 'אתה' ואת אסימון הדמות החדשה שלה.","אם העלמה נבחרה על ידי הצייד, הראה לה את קלף <b>אתה</b> ואת אסימון הדמות החדשה שלה.",ניחוש בוזבז,1,39,53,outsider,6,experimental,FALSE,1
deviant,סוטה,"אם היית מצחיק היום, אי אפשר להגלות אותך.",,,,,,,-1,-1,traveler,100,experimental,FALSE,1
devilsadvocate,פרקליט שטן,"בכל לילה, בחר שחקן חי (שונה מהלילה הקודם): אם מוציאים אותו להורג מחר, הוא לא מת.",פרקליט השטן בוחר שחקן חי. ,"פרקליט השטן בוחר שחקן חי. <i class=""reminder-token""></i>",פרקליט השטן בוחר שחקן חי. ,"פרקליט השטן בוחר שחקן חי. <i class=""reminder-token""></i>",שורד הוצאה להורג,1,29,19,minion,2,bmr,FALSE,1
djinn,ג'יני,השתמש בחוק המיוחד של הג'יני. כל השחקנים יודעים מה הוא.,,,,,,,-1,-1,fabled,101,experimental,FALSE,1
doomsayer,שוחר אבדון,"אם 4 או יותר שחקנים חיים, כל שחקן חי רשאי לבחור בפומבי (פעם אחת במשחק) ששחקן מאותה הקבוצה שלו ימות.",,,,,,,-1,-1,fabled,101,experimental,FALSE,1
dreamer,חולמני,"בכל לילה, בחר שחקן (חוץ מעצמך וממטיילים): אתה לומד דמות אחת רעה ואחת טובה, מתוכם אחת נכונה.","החולמני מצביע על שחקן. הראה דמות אחת טובה ודמות אחת רעה, אחת מהן היא הדמות של השחקן.","החולמני מצביע על שחקן. הראה דמות אחת טובה ודמות אחת רעה, אחת מהן היא הדמות של השחקן.","החולמני מצביע על שחקן. הראה דמות אחת טובה ודמות אחת רעה, אחת מהן היא הדמות של השחקן.","החולמני מצביע על שחקן. הראה דמות אחת טובה ודמות אחת רעה, אחת מהן היא הדמות של השחקן.",,,50,63,townsfolk,2,snv,FALSE,1
drunk,שיכור,"אתה לא יודע שאתה השיכור. אתה חושב שאתה תושב-עיירה, אבל אתה לא.",,,,,שיכור,1,-1,-1,outsider,6,tb,TRUE,1
duchess,דוכסית,"בכל יום, 3 שחקנים רשאים לבקר אותך. בלילה*, כל מבקר לומד כמה מבקרים הם רעים, אבל אחד מהם יקבל מידע שגוי.",,,"הער כל שחקן המסומן 'מבקר' או 'מידע שגוי' אחד בכל פעם. הראה להם את אסימון הדוכסית, ואז סמן עם האצבעות כמספר השחקנים הרעים המסומנים 'מבקר' או 'מידע שגוי'. אם אתה מעיר את השחקן המסומן 'מידע שגוי', הראה להם מספר כלשהו שהוא לא המספר הנכון.","הער כל שחקן המסומן <b>מבקר</b> או <b>מידע שגוי</b> אחד בכל פעם. הראה להם את אסימון הדוכסית, ואז סמן עם האצבעות כמספר השחקנים הרעים המסומנים <b>מבקר</b> או <b>מידע שגוי</b>. אם אתה מעיר את השחקן המסומן <b>מידע שגוי</b>, הראה להם מספר כלשהו שהוא לא המספר הנכון.","מבקר, מידע שגוי","3,1",-1,1,fabled,101,experimental,FALSE,1
empath,בוחן לבבות,"בכל לילה, אתה לומד כמה מבין 2 השכנים החיים שלך הם רעים.",סמן עם האצבעות.,סמן עם האצבעות.,סמן עם האצבעות.,סמן עם האצבעות.,,,45,60,townsfolk,2,tb,FALSE,1
engineer,מהנדס,"פעם אחת במשחק, בלילה, בחר איזה משרתים או איזה שד יהיו במשחק.","המהנדס עלול לבחור משרתים או שד.  אם הוא בחר: החזר את המהנדס לישון. הער את המטרה, הראה לו את קלף 'אתה' ואת אסימון הדמות החדשה שלו, ואז החזר את המטרה לישון. חזור על תהליך זה עבור כל השחקנים ששינו דמויות.","המהנדס עלול לבחור משרתים או שד. <i class=""reminder-token""></i> אם הוא בחר: החזר את המהנדס לישון. הער את המטרה, הראה לו את קלף <b>אתה</b> ואת אסימון הדמות החדשה שלו, ואז החזר את המטרה לישון. חזור על תהליך זה עבור כל השחקנים ששינו דמויות.","המהנדס עלול לבחור משרתים או שד.  אם הוא בחר: החזר את המהנדס לישון. הער את המטרה, הראה לו את קלף 'אתה' ואת אסימון הדמות החדשה שלו, ואז החזר את המטרה לישון. חזור על תהליך זה עבור כל השחקנים ששינו דמויות.","המהנדס עלול לבחור משרתים או שד. <i class=""reminder-token""></i> אם הוא בחר: החזר את המהנדס לישון. הער את המטרה, הראה לו את קלף <b>אתה</b> ואת אסימון הדמות החדשה שלו, ואז החזר את המטרה לישון. חזור על תהליך זה עבור כל השחקנים ששינו דמויות.",אין יכולת,1,20,11,townsfolk,5,experimental,FALSE,1
eviltwin,תאום רשע,"אתה ושחקן מהקבוצה הנגדית יודעים אחד על השני. אם השחקן הטוב מוצא להורג, הרעים מנצחים. הטובים לא יכולים לנצח אם שניכם חיים.","הער את שני התאומים. הרשה קשר עין. הראה את אסימון הדמות של התאום הטוב לתאום הרע, וכן להיפך.","הער את שני התאומים. הרשה קשר עין. הראה את אסימון הדמות של התאום הטוב לתאום הרע, וכן להיפך.",,,תאום,1,30,-1,minion,6,snv,FALSE,1
exorcist,מגרש שדים,"בכל לילה*, בחר שחקן (שונה מהלילה הקודם): השד, אם נבחר, לומד מי אתה ולא קם הלילה.",,,מגרש השדים בוחר שחקן.  החזר את מגרש השדים לישון. אם מגרש השדים בחר בשד: הער את השד. הראה לו את קלף 'הדמות הזו בחרה בך' ואת אסימון מגרש השדים. הצבע על מגרש השדים.,"מגרש השדים בוחר שחקן. <i class=""reminder-token""></i> החזר את מגרש השדים לישון. אם מגרש השדים בחר בשד: הער את השד. הראה לו את קלף <b>הדמות הזו בחרה בך</b> ואת אסימון מגרש השדים. הצבע על מגרש השדים.",נבחר,1,-1,28,townsfolk,3,bmr,FALSE,1
fanggu,פאנג גו,"בכל לילה*, בחר שחקן: הוא מת. הזר הראשון שהיכולת הזו הורגת הופך לפאנג גו רע ואתה מת במקום [+1 זר]",,,"הפאנג גו בוחר שחקן.  אם הוא בוחר בזר (פעם אחת בלבד): החלף את אסימון הזר עם אסימון הפאנג גו הנוסף. החזר את הפאנג גו לישון. הער את המטרה של הפאנג גו. הראה את קלף 'אתה' את אסימון פאנג גו, והראה אגודל כלפי מטה. ","הפאנג גו בוחר שחקן. <i class=""reminder-token""></i> אם הוא בוחר בזר (פעם אחת בלבד): החלף את אסימון הזר עם אסימון הפאנג גו הנוסף. החזר את הפאנג גו לישון. הער את המטרה של הפאנג גו. הראה את קלף <b>אתה</b> את אסימון פאנג גו, והראה אגודל כלפי מטה. <i class=""reminder-token""></i>","מת, פעם אחת","1,1",-1,36,demon,3,snv,TRUE,2
farmer,חקלאי,"אם אתה מת בלילה, שחקן טוב חי הופך להיות חקלאי.",,,"אם החקלאי מת הלילה, הער שחקן טוב חי. הראה להם את קלף 'אתה' ואת אסימון החלקאי.החלף את האסימון הקודם שלהם עם אסימון החקלאי.","אם החקלאי מת הלילה, הער שחקן טוב חי. הראה להם את קלף <b>אתה</b> ואת אסימון החלקאי.החלף את האסימון הקודם שלהם עם אסימון החקלאי.",,,-1,55,townsfolk,6,experimental,FALSE,-1
fearmonger,מעורר פחד,"בכל לילה, בחר שחקן. אם אתה מעמיד אותו להצבעה והוא מוצא להורג, הקבוצה שלו מפסידה. כל השחקנים יודעים אם אתה בוחר שחקן חדש.","מעורר הפחד בוחר שחקן.  הכרז ש""מעורר הפחד בחר שחקן""","מעורר הפחד בוחר שחקן. <i class=""reminder-token""></i> הכרז ש""מעורר הפחד בחר שחקן""","מעורר הפחד בוחר שחקן.  אם השחקן לא היה מסומן בתזכורת 'פחד', הכרז ש""מעורר הפחד בחר שחקן"".","מעורר הפחד בוחר שחקן. <i class=""reminder-token""></i> אם השחקן לא היה מסומן בתזכורת <b>פחד</b>, הכרז ש""מעורר הפחד בחר שחקן"".",פחד,1,33,23,minion,2,experimental,FALSE,1
ferryman,משיט מעבורת,"ביום האחרון, כל השחקנים המתים מקבלים חזרה את אסימון ההצבעה שלהם.",,,,,,,-1,-1,fabled,101,experimental,FALSE,1
fibbin,צ'קלפן,"פעם אחת במשחק, שחקן טוב אחד עלול לקבל מידע שגוי.",,,,,שומש,1,-1,-1,fabled,101,experimental,FALSE,1
fiddler,כנר,"פעם אחת במשחק, השד בוחר בסודיות שחקן מהשיוך הנגדי: כל השחקנים בוחרים מי מבין שני השחקנים האלה מנצח.",,,,,,,-1,-1,fabled,101,experimental,FALSE,1
fisherman,דייג,"פעם אחת במשחק, במהלך היום, תבקר את מספר הסיפורים בשביל עצה שתעזור לך לנצח.",,,,,אין יכולת,1,-1,-1,townsfolk,5,experimental,FALSE,1
flowergirl,נערת פרחים,"בכל לילה*, את לומדת אם השד הצביע היום.",,,תהנהן או תניד בראשך.,תהנהן או תניד בראשך.,"שד הצביע, שד לא הצביע","1,1",-1,64,townsfolk,3,snv,FALSE,1
fool,ליצן חצר,"בפעם הראשונה שאתה מת, אתה לא.",,,,,אין יכולת,1,-1,-1,townsfolk,6,bmr,FALSE,1
fortuneteller,מגדת עתידות,"בכל לילה, בחרי 2 שחקנים: את לומדת האם אחד מהם הוא השד. יש שחקן טוב שנחשב עבורך כמו שד.",מגדת העתידות בוחרת 2 שחקנים. תהנהן אם אחד מהם הוא השד (או 'הסחת דעת'),מגדת העתידות בוחרת 2 שחקנים. תהנהן אם אחד מהם הוא השד (או <b>הסחת דעת</b>),מגדת העתידות בוחרת 2 שחקנים. תהנהן אם אחד מהם הוא השד (או 'הסחת דעת'),מגדת העתידות בוחרת 2 שחקנים. תהנהן אם אחד מהם הוא השד (או <b>הסחת דעת</b>),הסחת דעת,1,46,61,townsfolk,2,tb,FALSE,1
gambler,מהמר,"בכל לילה*, בחר שחקן ונחש מה הדמות שלו: אם ניחשת שגוי, אתה מת.",,,המהמר בוחר שחקן ודמות. ,"המהמר בוחר שחקן ודמות. <i class=""reminder-token""></i>",מת,1,-1,16,townsfolk,3,bmr,FALSE,1
gangster,גנגסטר,"פעם אחת בכל יום, אתה רשאי להרוג שכן חי, אם השכן החי האחר מסכים.",,,,,,,-1,-1,traveler,100,experimental,FALSE,1
gardener,גנן,מספר-הסיפורים מקצה דמויות של שחקן אחד או יותר,,,,,,,-1,-1,fabled,101,experimental,FALSE,1
general,גנרל,"בכל לילה, אתה לומד מה הצד שמספר הסיפורים מאמין שמנצח: טוב, רע או אף אחד מהם.",הראה סימן עם האגודל.,הראה סימן עם האגודל.,הראה סימן עם האגודל.,הראה סימן עם האגודל.,,,61,77,townsfolk,2,experimental,FALSE,1
goblin,גובלין,"אם אתה מודיע בפומבי שאתה הגובלין כשאתה מועמד להצבעה ואתה גם מוצא להורג באותו יום, הקבוצה שלך מנצחת.",,,,,הודיע,1,-1,-1,minion,6,experimental,FALSE,1
godfather,סנדק,"אתה מתחיל בידיעה של איזה זרים יש  במשחק. אם אחד מהם מת היום, תבחר שחקן הלילה: הוא מת. [-1 או +1 זר]",הראה את אסימוני הדמות של כל הזרים במשחק.,הראה את אסימוני הדמות של כל הזרים במשחק.,"אם זר מת היום, הסנדק בוחר שחקן. ","אם זר מת היום, הסנדק בוחר שחקן. <i class=""reminder-token""></i>","מת היום, מת","1,1",28,44,minion,1,bmr,TRUE,1
golem,גולם,"אתה רשאי להעלות להצבעה רק פעם אחת במשחק. כשאתה עושה את זה, אם המועמד הוא לא השד, הוא מת.",,,,,לא יכול להציע להצבעה,1,-1,-1,outsider,6,experimental,FALSE,1
goon,בריון,"בכל לילה, השחקן הראשון שבוחר אותך עם היכולת שלו הוא שיכור עד בין הערביים. אתה עובר לקבוצה שלו.",,,,,שיכור,1,-1,-1,outsider,2,bmr,FALSE,1
gossip,רכלנית,"בכל יום, את רשאית לצאת בהצהרה פומבית. הלילה, אם היא הייתה נכונה, שחקן מת.",,,"אם הרכלנית אמורה להרוג שחקן, הוא מת. ","אם הרכלנית אמורה להרוג שחקן, הוא מת. <i class=""reminder-token""></i>",מת,1,-1,45,townsfolk,4,bmr,FALSE,1
grandmother,סבתא,"את מתחילה בידיעה של שחקן טוב והדמות שלו. אם השד הורג אותם, את מתה בנוסף.",הצבע על שחקן הנכד והראה את אסימון הדמות שלו.,הצבע על שחקן הנכד והראה את אסימון הדמות שלו.,"אם הנכד מת על ידי השד, הסבתא מתה גם כן. ","אם הנכד מת על ידי השד, הסבתא מתה גם כן. <i class=""reminder-token""></i>",נכד,1,48,58,townsfolk,1,bmr,FALSE,1
gunslinger,תותחן,"בכל יום, אחרי שההצבעה הראשונה הסתיימה, אתה רשאי לבחור שחקן שהצביע: הוא מת.",,,,,,,-1,-1,traveler,100,experimental,FALSE,1
harlot,פרוצה,"בכל לילה*, בחרי שחקן חי: אם הוא מסכים, את לומדת מה הדמות שלו, אבל שניכם עלולים למות.",,,"הפרוצה מצביע על שחקן. לאחר מכן, החזר את הפרוצה לישון. הער את השחקן הנבחר, הראה להם את קלף 'הדמות הזו בחרה בך' ואת אסימון הפרוצה. השחקן מהנהן או מניד בראשו. אם הוא הנהן, הער את הפרוצה והראה להם את אסימון הדמות של השחקן. לאחר מכן, החלט אם שניהם צריכים למות.  ","הפרוצה מצביע על שחקן. לאחר מכן, החזר את הפרוצה לישון. הער את השחקן הנבחר, הראה להם את קלף <b>הדמות הזו בחרה בך</b> ואת אסימון הפרוצה. השחקן מהנהן או מניד בראשו. אם הוא הנהן, הער את הפרוצה והראה להם את אסימון הדמות של השחקן. לאחר מכן, החלט אם שניהם צריכים למות. <i class=""reminder-token""></i> <i class=""reminder-token""></i>",מת,2,-1,6,traveler,100,experimental,FALSE,1
harpy,הרפי,"בכל לילה, בחרי 2 שחקנים: מחר, השחקן הראשון ""משוגע"" שהשני רע, או ששניהם עלולים למות.","ההרפי בוחרת שני שחקנים.   החזר את ההרפי לישון. הער את המטרה הראשונה. הראה את קלף 'הדמות הזו בחרה בך', את אסימון ההרפי, והצבע על המטרה השנייה.","ההרפי בוחרת שני שחקנים. <i class=""reminder-token""></i> <i class=""reminder-token""></i> החזר את ההרפי לישון. הער את המטרה הראשונה. הראה את קלף <b>הדמות הזו בחרה בך</b>, את אסימון ההרפי, והצבע על המטרה השנייה.","ההרפי בוחרת שני שחקנים.   החזר את ההרפי לישון. הער את המטרה הראשונה. הראה את קלף 'הדמות הזו בחרה בך', את אסימון ההרפי, והצבע על המטרה השנייה.","ההרפי בוחרת שני שחקנים. <i class=""reminder-token""></i> <i class=""reminder-token""></i> החזר את ההרפי לישון. הער את המטרה הראשונה. הראה את קלף <b>הדמות הזו בחרה בך</b>, את אסימון ההרפי, והצבע על המטרה השנייה.","משוגע,שני","1,1",34,24,minion,2,experimental,FALSE,1
hellslibrarian,ספרנית גיהנום,משהו רע עלול לקרות למי שמדבר כשמספר הסיפורים מבקש שקט.,,,,,משהו רע,1,-1,-1,fabled,101,experimental,FALSE,1
heretic,כופר,"כל מי שמנצח הפסיד, וכל מי שמפסיד ניצח, גם אם אתה מת.",,,,,,,-1,-1,outsider,6,experimental,FALSE,1
highpriestess,כהנת עליונה,"בכל לילה, למדי איזה שחקן מספר-הסיפורים מאמין שהכי כדאי לך לדבר איתו.",הצבע על שחקן.,הצבע על שחקן.,הצבע על שחקן.,הצבע על שחקן.,,,60,76,townsfolk,2,experimental,FALSE,1
huntsman,צייד,"פעם אחת במשחק, בלילה, תבחר שחקן חי: אם בחרת בעלמה, היא הופכת להיות תושב-עיירה שלא במשחק. [+העלמה]",הצייד עלול לבחור שחקן.  אם השחקן הזה היה העלמה: החזר את הצייד לישון. הער את העלמה והראה להם את קלף 'אתה' ואת אסימון הדמות החדשה שלהם.,"הצייד עלול לבחור שחקן. <i class=""reminder-token""></i> אם השחקן הזה היה העלמה: החזר את הצייד לישון. הער את העלמה והראה להם את קלף <b>אתה</b> ואת אסימון הדמות החדשה שלהם.",הצייד עלול לבחור שחקן.  אם השחקן הזה היה העלמה: החזר את הצייד לישון. הער את העלמה והראה להם את קלף 'אתה' ואת אסימון הדמות החדשה שלהם.,"הצייד עלול לבחור שחקן. <i class=""reminder-token""></i> אם השחקן הזה היה העלמה: החזר את הצייד לישון. הער את העלמה והראה להם את קלף <b>אתה</b> ואת אסימון הדמות החדשה שלהם.",אין יכולת,1,38,52,townsfolk,5,experimental,TRUE,1
imp,שדון,"בכל לילה*, בחר שחקן: הוא מת. אם בחרת בעצמך בדרך הזו, משרת הופך להיות השדון.",,,השדון בוחר שחקן.  אם השדון בוחר בעצמו: החלף אסימון דמות של משרת עם אסימון השדון הנוסף. החזר את השדון הישן לישון. הער את השדון החדש. הראה לו את קלף 'אתה' ואת אסימון השדון.,"השדון בוחר שחקן. <i class=""reminder-token""></i> אם השדון בוחר בעצמו: החלף אסימון דמות של משרת עם אסימון השדון הנוסף. החזר את השדון הישן לישון. הער את השדון החדש. הראה לו את קלף <b>אתה</b> ואת אסימון השדון.",מת,1,-1,31,demon,3,tb,FALSE,4
innkeeper,בעל פונדק,"בכל לילה*, בחר 2 שחקנים: הם לא יכולים למות הלילה, אבל אחד מהם שיכור עד בין הערביים.",,,בעל הפונדק בוחר 2 שחקנים.   ,"בעל הפונדק בוחר 2 שחקנים. <i class=""reminder-token""></i> <i class=""reminder-token""></i> <i class=""reminder-token""></i>","מוגן, שיכור","2,1",-1,15,townsfolk,3,bmr,FALSE,1
investigator,חוקר,אתה מתחיל בידיעה ששחקן אחד מתוך שניים הוא משרת מסוים.,הראה את אסימון הדמות של המשרת. הצבע על השחקנים המסומנים 'משרת' ו'לא משרת'.,הראה את אסימון הדמות של המשרת. הצבע על השחקנים המסומנים <b>משרת</b> ו<b>לא משרת</b>.,,,"משרת, לא משרת","1,1",43,-1,townsfolk,1,tb,FALSE,1
judge,שופט,"פעם אחת במשחק, אם שחקן אחר העלה להצבעה, אתה רשאי לאלץ את ההוצאה להורג הנוכחית להצליח או להיכשל.",,,,,אין יכולת,1,-1,-1,traveler,100,experimental,FALSE,1
juggler,להטוטן,"ביום הראשון שלך, תנחש בפומבי עד 5 דמויות של שחקנים. בלילה הזה, אתה לומד בכמה צדקת.",,,סמן עם האצבעות.,סמן עם האצבעות.,ניחוש נכון,1,-1,68,townsfolk,4,snv,FALSE,1
king,מלך,"בכל לילה, אם יש יותר מתים מחיים, אתה לומד דמות אחת שבחיים. השד יודע מי אתה.","הער את השד. הראה את קלף 'השחקן הזה הוא' ואת אסימון המלך, ואז הצבע על המלך.","הער את השד. הראה את קלף <b>השחקן הזה הוא</b> ואת אסימון המלך, ואז הצבע על המלך.","אם יש יותר מתים מחיים, הראה את אסימון הדמות של שחקן חי.","אם יש יותר מתים מחיים, הראה את אסימון הדמות של שחקן חי.",,,17,70,townsfolk,2,experimental,FALSE,1
klutz,קלוץ,"כשאתה לומד שמתת, תבחר בפומבי שחקן חי אחד: אם הוא רע, הקבוצה שלך מפסידה.",,,,,,,-1,-1,outsider,6,snv,FALSE,1
knight,אביר,אתה מתחיל בידיעה על 2 שחקנים שהם לא השד,הצבע על שני שחקנים שהם לא השד המסומנים 'יודע',הצבע על שני שחקנים שהם לא השד המסומנים <b>יודע</b>,,,יודע,2,53,-1,townsfolk,1,experimental,FALSE,1
legion,לגיון,"בכל לילה*, שחקן עלול למות. הוצאות להורג נכשלות אם רק רעים הצביעו. אתה נחשב גם כמשרת. [רוב השחקנים הם הלגיון]",,,שחקן עלול למות. ,"שחקן עלול למות. <i class=""reminder-token""></i>","מת, עומד למות","1,1",-1,30,demon,3,experimental,TRUE,-1
leviathan,לויתן,"אם יותר משחקן טוב אחד מוצא להורג, אתה מנצח. כל השחקנים יודעים שאתה במשחק. אחרי היום החמישי, הרעים מנצח.","הכרז כי ""הלויתן במשחק."" סמן את הלויתן עם תזכורת 'יום 1'. ","הכרז כי ""הלויתן במשחק."" סמן את הלויתן עם תזכורת <b>יום 1</b>. <i class=""reminder-token""></i>","הכרז שהלוויתן במשחק, החלף את התזכורת. ","הכרז שהלוויתן במשחק, החלף את התזכורת. <i class=""reminder-token""></i>","יום 1, יום 2, יום 3, יום 4, יום 5, שחקן טוב הוצא להורג","1,1,1,1,1,1",65,81,demon,6,experimental,FALSE,1
librarian,ספרנית,את מתחילה בידיעה שאחד מתוך שני שחקנים הוא זר מסוים (או שאין זרים במשחק).,הראה את אסימון הדמות של הזר. הצבע על השחקנים המסומנים 'זר' ו'לא זר'.,הראה את אסימון הדמות של הזר. הצבע על השחקנים המסומנים <b>זר</b> ו<b>לא זר</b>.,,,"זר, לא זר","1,1",42,-1,townsfolk,1,tb,FALSE,1
lilmonsta,מפלצונת,"בכל לילה, המשרתים בוחרים מי השמרטף של אסימון המפלצונת והוא ""השד"". שחקן מת בכל לילה*. [+1 משרת]","הער את כל המשרתים, הרשה להם לבחור שמרטף. ","הער את כל המשרתים, הרשה להם לבחור שמרטף. <i class=""reminder-token""></i>","הער את כל המשרתים, הרשה להם לבחור שמרטף.  שחקן עלול למות. ","הער את כל המשרתים, הרשה להם לבחור שמרטף. <i class=""reminder-token""></i> שחקן עלול למות. <i class=""reminder-token""></i>","השד, מת","1,1",22,42,demon,2,experimental,TRUE,1
lleech,עלווקה,"בכל לילה*, בחרי שחקן: הוא מת. בלילה הראשון שלך את בוחרת שחקן חי: הוא מורעל. את מתה אם ורק אם הוא מת.",העלווקה בוחרת שחקן. ,"העלווקה בוחרת שחקן. <i class=""reminder-token""></i>",העלווקה בוחרת שחקן. ,"העלווקה בוחרת שחקן. <i class=""reminder-token""></i>","מת, מורעל","1,1",23,41,demon,2,experimental,FALSE,1
lunatic,משוגע,"אתה חושב שאתה השד, אבל אתה לא. השד יודע מי אתה ואת מי אתה בוחר בלילה.","אם יש 7 שחקנים או יותר, הער את המשוגע: הראה את קלף 'אלה המשרתים שלך' והצבע על שחקנים כלשהם. הראה את קלף 'הדמויות האלה לא במשחק'. הראה אסימונים של 3 דמויות טובות. החזר את המשוגע לישון. הער את השד. הראה את קלף 'אתה' ואת אסימון השד. הראה את קלף 'השחקן הזה הוא' ואת אסימון המשוגע, והצבע על המשוגע.","אם יש 7 שחקנים או יותר, הער את המשוגע: הראה את קלף <b>אלה המשרתים שלך</b> והצבע על שחקנים כלשהם. הראה את קלף <b>הדמויות האלה לא במשחק</b>. הראה אסימונים של 3 דמויות טובות. החזר את המשוגע לישון. הער את השד. הראה את קלף <b>אתה</b> ואת אסימון השד. הראה את קלף <b>השחקן הזה הוא</b> ואת אסימון המשוגע, והצבע על המשוגע.","עשה מה שצריך כדי לדמות התנהגות של שד.  החזר את המשוגע לישון. הער את השד. הראה את אסימון המשוגע והצבע עליהם, ואז על המטרות שלהם.","עשה מה שצריך כדי לדמות התנהגות של שד. <i class=""reminder-token""></i> החזר את המשוגע לישון. הער את השד. הראה את אסימון המשוגע והצבע עליהם, ואז על המטרות שלהם.","התקפה 1, התקפה 2, התקפה 3","1,1,1",15,27,outsider,6,bmr,FALSE,1
lycanthrope,ליקנטרופ,"בכל לילה*, בחר שחקן חי: אם הוא טוב, הוא מת, אבל הוא השחקן היחיד שיכול למות הלילה.",,,הליקנטרופ מצביע על שחקן. ,"הליקנטרופ מצביע על שחקן. <i class=""reminder-token""></i>",מת,1,-1,29,townsfolk,3,experimental,FALSE,1
magician,קוסם,השד חושב שאתה משרת. המשרתים חושבים שאתה שד.,כלול את הקוסם בשלבי המידע של השד והמשרתים,כלול את הקוסם בשלבי המידע של השד והמשרתים,,,,,12,-1,townsfolk,6,experimental,FALSE,1
marionette,מריונטה,את חושבת שאת דמות טובה אבל את לא. השד יודע מי את. [את שכנה של השד],הער את השד. הצבע על השחקן המסומן 'המריונטה' והראה את קלף 'השחקן הזה הוא' ואת אסימון המריונטה.,הער את השד. הצבע על השחקן המסומן <b>המריונטה</b> והראה את קלף <b>השחקן הזה הוא</b> ואת אסימון המריונטה.,,,המריונטה,1,19,-1,minion,6,experimental,TRUE,1
mastermind,גאון,"אם השד מת בהוצאה להורג (מה שיסיים את המשחק), שחקו לעוד יום אחד. אם שחקן מוצא להורג, הקבוצה שלו מפסידה.",,,,,,,-1,-1,minion,6,bmr,FALSE,1
mathematician,מתמטיקאי,"בכל לילה, אתה לומד כמה יכולות של שחקנים פעלו באופן שונה (מאז השחר) בגלל יכולת של שחקן אחר.",סמן עם האצבעות.,סמן עם האצבעות.,סמן עם האצבעות.,סמן עם האצבעות.,שונה,-1,63,79,townsfolk,2,snv,FALSE,1
matron,אם הבית,"בכל יום, את רשאית לבחור עד 3 זוגות שחקנים שיחליפו מקומות ביניהם. שחקנים לא רשאים לקום מהכיסאות כדי לדבר בפרטיות.",,,,,,,-1,-1,traveler,100,experimental,FALSE,1
mayor,ראש העיר,"אם יש רק 3 שחקנים חיים ואין הוצאה להורג, הקבוצה שלך מנצחת. אם אתה מת בלילה, שחקן אחר עלול למות במקומך.",,,,,,,-1,-1,townsfolk,6,tb,FALSE,1
mezepheles,מזפליס,אתה מתחיל בידיעה של מילה סודית. השחקן הטוב הראשון שאומר את המילה הזו הופך לרע הלילה.,הראה את המילה כתובה.,הראה את המילה כתובה.,"אם שחקן מסומן בתזכורת 'הופך לרע', הער אותו. הראה את קלף 'אתה' ואגודל כלפי מטה. המזפליס מאבד את היכולת שלו. ","אם שחקן מסומן בתזכורת <b>הופך לרע</b>, הער אותו. הראה את קלף <b>אתה</b> ואגודל כלפי מטה. המזפליס מאבד את היכולת שלו. <i class=""reminder-token""></i>","הפך לרע, אין יכולת","1,1",35,25,minion,6,experimental,FALSE,1
minstrel,זמר,"כשמשרת מת בהוצאה להורג, כל שאר השחקנים (חוץ מהמטיילים) שיכורים עד בין הערביים.",,,,,כולם שיכורים,1,-1,-1,townsfolk,6,bmr,FALSE,1
monk,נזיר,"בכל לילה*, בחר שחקן (חוץ מעצמך): הוא בטוח מפני השד הלילה.",,,הנזיר בוחר שחקן. ,"הנזיר בוחר שחקן. <i class=""reminder-token""></i>",מוגן,1,-1,18,townsfolk,3,tb,FALSE,1
moonchild,ילד ירח,"כשאתה לומד שאתה מת, תכריז בפומבי על שחקן אחד חי. הלילה, אם הוא היה שחקן טוב, הוא מת.",,,"אם ילד הירח אמור להרוג שחקן טוב, הוא מת. ","אם ילד הירח אמור להרוג שחקן טוב, הוא מת. <i class=""reminder-token""></i>",מת,1,-1,57,outsider,6,bmr,FALSE,1
mutant,מוטנט,"אם אתה ""משוגע"" שאתה זר, אתה עלול להיות מוצא להורג.",,,,,,,-1,-1,outsider,6,snv,FALSE,1
nightwatchman,שומר לילה,"פעם אחת במשחק, בחר שחקן: הוא לומד מי אתה.","שומר הלילה עלול לבחור שחקן.  החזר את שומר הלילה לישון. הער את המטרה של שומר הלילה והראה את קלף ' השחקן הזה הוא' ואת אסימון שומר הלילה, והצבע על שומר הלילה.","שומר הלילה עלול לבחור שחקן. <i class=""reminder-token""></i> החזר את שומר הלילה לישון. הער את המטרה של שומר הלילה והראה את קלף <b> השחקן הזה הוא</b> ואת אסימון שומר הלילה, והצבע על שומר הלילה.","שומר הלילה עלול לבחור שחקן.  החזר את שומר הלילה לישון. הער את המטרה של שומר הלילה והראה את קלף ' השחקן הזה הוא' ואת אסימון שומר הלילה, והצבע על שומר הלילה.","שומר הלילה עלול לבחור שחקן. <i class=""reminder-token""></i> החזר את שומר הלילה לישון. הער את המטרה של שומר הלילה והראה את קלף <b> השחקן הזה הוא</b> ואת אסימון שומר הלילה, והצבע על שומר הלילה.",אין יכולת,1,57,72,townsfolk,5,experimental,FALSE,1
noble,אציל,"אתה מתחיל בידיעה של 3 שחקנים, 1 ורק 1 מהם הוא רע.",הצבע על שלושת השחקנים המסומנים 'יודע',הצבע על שלושת השחקנים המסומנים <b>יודע</b>,,,נראה,3,54,-1,townsfolk,1,experimental,FALSE,1
nodashii,נו דאשי,"בכל לילה*, תבחר שחקן: הוא מת. שני השכנים תושבי העיירה שלך הם מורעלים.",,,הנו דאשי בוחר שחקן. ,"הנו דאשי בוחר שחקן. <i class=""reminder-token""></i>","מת, מורעל","1,2",-1,37,demon,3,snv,FALSE,1
oracle,אורקל,"בכל לילה*, אתה לומד כמה שחקנים מתים הם רעים.",,,סמן עם האצבעות.,סמן עם האצבעות.,,,-1,66,townsfolk,3,snv,FALSE,1
organgrinder,קופיפון איברים,כל השחקנים משאירים את עיניהם סגורות בזמן הצבעה וסך הקולות נשאר בסוד. הצבעות עליך נספרות רק אם אתה מצביע.,,,,,עומד למות,1,-1,-1,minion,6,experimental,FALSE,1
pacifist,פציפיסט,שחקנים טובים שמוצאים להורג עלולים לא למות.,,,,,,,-1,-1,townsfolk,6,bmr,FALSE,1
philosopher,פילוסוף,"פעם אחת במשחק, בלילה, בחר דמות טובה: אתה מקבל את היכולת שלה. אם הדמות הזו במשחק, היא שיכורה.","הפילוסוף עלול לבחור דמות. אם נדרש, החלף את אסימון הדמות שלו.  ","הפילוסוף עלול לבחור דמות. אם נדרש, החלף את אסימון הדמות שלו. <i class=""reminder-token""></i> <i class=""reminder-token""></i>","הפילוסוף עלול לבחור דמות. אם נדרש, החלף את אסימון הדמות שלו.  ","הפילוסוף עלול לבחור דמות. אם נדרש, החלף את אסימון הדמות שלו. <i class=""reminder-token""></i> <i class=""reminder-token""></i>","שיכור, הוא הפילוסוף","1,1",9,8,townsfolk,5,snv,FALSE,1
pithag,קרואלה,"בכל לילה*, בחרי שחקן ודמות שהוא הופך אליה (אם לא במשחק). אם נוצר שד הלילה, מיתות הלילה יקבעו באופן שרירותי.",,,קרואלה בוחרת שחקן ודמות. אם היא בחרה דמות שלא במשחק: החזר את קרואלה לישון. הער את המטרה שלה. הראה את קלף 'אתה' ואת אסימון הדמות החדשה שלה.,קרואלה בוחרת שחקן ודמות. אם היא בחרה דמות שלא במשחק: החזר את קרואלה לישון. הער את המטרה שלה. הראה את קלף <b>אתה</b> ואת אסימון הדמות החדשה שלה.,,,-1,22,minion,3,snv,FALSE,1
pixie,פיה,"את מתחילה בידיעה של דמות תושב-עיירה אחת שבמשחק. אם את היית ""משוגעת"" שאת הדמות הזו, את מקבלת את היכולת שלה כשהיא מתה.",הראה את אסימון תושב העיירה המסומן 'משוגע',הראה את אסימון תושב העיירה המסומן <b>משוגע</b>,,,"משוגע, יש יכולת","1,1",37,-1,townsfolk,1,experimental,FALSE,1
plaguedoctor,רופא מגפה,"אם אתה מת, מספר-הסיפורים מקבל יכולת של משרת מחוץ למשחק.",,,,,יכולת למספר-הסיפורים,1,-1,-1,outsider,6,experimental,FALSE,1
po,פו,"בכל לילה*, אתה רשאי לבחור שחקן: הוא מת. אם הבחירה האחרונה שלך הייתה אף אחד, בחר 3 שחקנים הלילה.",,,הפו רשאי לבחור שחקן או לבחור 3 אם בלילה הקודם אף אחד לא נבחר.  או   ,"הפו רשאי לבחור שחקן או לבחור 3 אם בלילה הקודם אף אחד לא נבחר. <i class=""reminder-token""></i> או <i class=""reminder-token""></i> <i class=""reminder-token""></i> <i class=""reminder-token""></i>","מת, 3 התקפות","3,1",-1,35,demon,3,bmr,FALSE,1
poisoner,מרעיל,"בכל לילה, בחר שחקן: הוא מורעל עד בין הערביים.",המרעיל בוחר שחקן. ,"המרעיל בוחר שחקן. <i class=""reminder-token""></i>",המרעיל בוחר שחקן. ,"המרעיל בוחר שחקן. <i class=""reminder-token""></i>",מורעל,1,24,13,minion,2,tb,FALSE,1
politician,פוליטיקאי,"אם היית השחקן הכי אחראי לכך שהקבוצה שלך הפסידה, אתה משנה שיוך ומנצח, אפילו אם אתה מת.",,,,,,,-1,-1,outsider,6,experimental,FALSE,1
poppygrower,מגדל פרג,"משרתים ושדים לא יודעים אחד על השני. אם אתה מת, הם ילמדו הלילה על השאר.","אל תבצע את שלבי מידע משרתים ומידע שד. הער את השד, הראה את קלף 'הדמויות האלה לא במשחק' ו3 אסימוני דמויות טובות מחוץ למשחק.","אל תבצע את שלבי מידע משרתים ומידע שד. הער את השד, הראה את קלף <b>הדמויות האלה לא במשחק</b> ו3 אסימוני דמויות טובות מחוץ למשחק.","אם מגדל הפרג מת היום או הלילה, הער את המשרתים הראה את קלף 'זה השד' והצבע על השד. החזר אותם לישון. הער את השד, הראה לו את קלף 'אלה המשרתים שלך' והצבע על המשרתים. החזר את השד לישון.","אם מגדל הפרג מת היום או הלילה, הער את המשרתים הראה את קלף <b>זה השד</b> והצבע על השד. החזר אותם לישון. הער את השד, הראה לו את קלף <b>אלה המשרתים שלך</b> והצבע על המשרתים. החזר את השד לישון.",רעים מתעוררים,1,11,9,townsfolk,6,experimental,FALSE,1
preacher,דרשן,"בכל לילה, בחר שחקן: משרת, אם נבחר, לומד על כך. כל משרת שבחרת בו הוא חסר יכולת.",הדרשן בוחר שחקן.  אם הוא בחר משרת: החזר את הדרשן לישון. הער את המטרה. הראה את קלף 'הדמות הזו בחרה בך' ואת אסימון הדרשן.,"הדרשן בוחר שחקן. <i class=""reminder-token""></i> אם הוא בחר משרת: החזר את הדרשן לישון. הער את המטרה. הראה את קלף <b>הדמות הזו בחרה בך</b> ואת אסימון הדרשן.",הדרשן בוחר שחקן.  אם הוא בחר משרת: החזר את הדרשן לישון. הער את המטרה. הראה את קלף 'הדמות הזו בחרה בך' ואת אסימון הדרשן.,"הדרשן בוחר שחקן. <i class=""reminder-token""></i> אם הוא בחר משרת: החזר את הדרשן לישון. הער את המטרה. הראה את קלף <b>הדמות הזו בחרה בך</b> ואת אסימון הדרשן.",בדרשה,1,21,12,townsfolk,2,experimental,FALSE,1
professor,פרופסור,"פעם אחת במשחק, בלילה*, בחר שחקן מת: אם הוא תושב עיירה, הוא חוזר לחיים.",,,הפרופסור עלול לבחור שחקן מת.  ,"הפרופסור עלול לבחור שחקן מת. <i class=""reminder-token""></i> <i class=""reminder-token""></i>","חי, אין יכולת","1,1",-1,50,townsfolk,5,bmr,FALSE,1
psychopath,פסיכופת,"בכל יום, לפני ההצבעות, אתה רשאי להכריז בפומבי על שחקן: הוא מת. אם אתה מוצא להורג, אתה מת רק אם הפסדת באבן נייר ומספריים.",,,,,,,-1,-1,minion,4,experimental,FALSE,1
pukka,פוקה,"בכל לילה, בחר שחקן: הוא מורעל. השחקן המורעל הקודם מת והופך לבריא.",הפוקה בוחרת שחקן. ,"הפוקה בוחרת שחקן. <i class=""reminder-token""></i>",הפוקנ בוחר שחקן.  השחקן המורעל הקודם מת והופך לבריא. ,"הפוקנ בוחר שחקן. <i class=""reminder-token""></i> השחקן המורעל הקודם מת והופך לבריא. <i class=""reminder-token""></i>","מורעל, מת","1,1",36,33,demon,2,bmr,FALSE,1
puzzlemaster,פותר חידות,"שחקן אחד הוא שיכור, אפילו אם אתה מת. אם אתה מנחש (פעם אחת) מי השיכור, אתה יודע מי השחקן של השד, אבל אם תנחש לא נכון, תקבל מידע שגוי.",,,,,"שיכור, ניחוש בוזבז","1,1",-1,-1,outsider,5,experimental,FALSE,1
ravenkeeper,שומר עורבים,"אם אתה מת בלילה, אתה מתעורר ובוחר שחקן: אתה לומד מה הדמות שלו.",,,"אם שומר העורבים מת הלילה, הוא בוחר שחקן. הראה את אסימון הדמות של השחקן הזה.","אם שומר העורבים מת הלילה, הוא בוחר שחקן. הראה את אסימון הדמות של השחקן הזה.",,,-1,59,townsfolk,6,tb,FALSE,1
recluse,מתבודד,"אתה עלול להיחשב כרע וכמשרת או שד, אפילו אם אתה מת.",,,,,,,-1,-1,outsider,6,tb,FALSE,1
revolutionary,מהפכן,"יש 2 שחקנים שכנים מאותו שיוך. פעם אחת במשחק, אחד מהם נחשב לא נכון.",,,,,"נחשב כטוב, נחשב כרע",1,-1,-1,fabled,101,experimental,FALSE,1
riot,מהומה,"מי שמציעים להצבעה מת, אבל הוא רשאי גם להציע שוב בעצמו ישר אחרי (ביום השלישי, הוא חייב). אחרי יום 3, הרעים מנצחים. [כל המשרתים הם מהומה]",,,,,,,-1,-1,demon,6,experimental,TRUE,4
sage,משכיל,"אם השד הורג אותך, אתה לומד שהוא אחד מבין 2 שחקנים.",,,"אם השד הרג את המשכיל, הער אותו והצבע על 2 שחקנים, 1 מהם הוא השד.","אם השד הרג את המשכיל, הער אותו והצבע על 2 שחקנים, 1 מהם הוא השד.",,,-1,49,townsfolk,6,snv,FALSE,1
sailor,ימאי,"בכל לילה, בחר שחקן חי: או אתה או הוא שיכור עד בין הערביים. אתה לא יכול למות.",הימאי בוחר שחקן חי. ,"הימאי בוחר שחקן חי. <i class=""reminder-token""></i>",הימאי בוחר שחקן חי. ,"הימאי בוחר שחקן חי. <i class=""reminder-token""></i>",שיכור,1,18,10,townsfolk,2,bmr,FALSE,1
saint,קדוש,"אם אתה מת על ידי הוצאה להורג, הקבוצה שלך מפסידה.",,,,,,,-1,-1,outsider,6,tb,FALSE,1
savant,מלומד,"בכל יום, אתה רשאי לבקר את מספר הסיפורים וללמוד 2 דברים בפרטיות: אחד מהם הוא אמת ואחד הוא שקר.",,,,,,,-1,-1,townsfolk,4,snv,FALSE,1
scapegoat,שעיר לעזאזל,"אם שחקן מהשיוך שלך מוצא להורג, אתה עלול להיות מוצא להורג במקומו.",,,,,,,-1,-1,traveler,100,experimental,FALSE,1
scarletwoman,אשת ארגמן,"אם יש לפחות 5 שחקנים חיים והשד מת, את הופכת לשד (מטייליים לא נחשבים).",,,"אם אשת הארגמן הופכת לשד היום, הראה להם את קלף 'אתה' ואז את אסימון השד.","אם אשת הארגמן הופכת לשד היום, הראה להם את קלף <b>אתה</b> ואז את אסימון השד.",שד,1,-1,26,minion,6,tb,FALSE,1
seamstress,תופרת,"פעם אחת במשחק, בלילה, בחרי 2 שחקנים (לא את עצמך): את לומדת אם הם מאותו שיוך.",התופרת עלולה לבחור 2 שחקנים. תהנהן או תניד את ראשך. ,"התופרת עלולה לבחור 2 שחקנים. תהנהן או תניד את ראשך. <i class=""reminder-token""></i>",התופרת עלולה לבחור 2 שחקנים. תהנהן או תניד את ראשך. ,"התופרת עלולה לבחור 2 שחקנים. תהנהן או תניד את ראשך. <i class=""reminder-token""></i>",אין יכולת,1,51,67,townsfolk,5,snv,FALSE,1
sentinel,שומר,עלול להיות זר אחד יותר או פחות במשחק.,,,,,,,-1,-1,fabled,101,experimental,FALSE,1
shabaloth,שבלות',"בכל לילה*, בחר 2 שחקנים: הם מתים. שחקן מת שבחרת בלילה הקודם עלול לחזור לחיים.",,,שחקן שנבחר קודם עלול לחזור לחיים.  השבלות' בוחר 2 שחקנים.  ,"שחקן שנבחר קודם עלול לחזור לחיים. <i class=""reminder-token""></i> השבלות' בוחר 2 שחקנים. <i class=""reminder-token""></i> <i class=""reminder-token""></i>","מת, חי","2,1",-1,34,demon,3,bmr,FALSE,1
slayer,קוטל,"פעם אחת במשחק, במהלך היום, תכריז בפומבי על שחקן: אם הוא השד, הוא מת.",,,,,אין יכולת,1,-1,-1,townsfolk,5,tb,FALSE,1
snakecharmer,מהפנט נחשים,"בכל לילה, בחר שחקן חי: שד שנבחר מחליף איתך דמויות ושיוך, ואז הוא מורעל.","מהפנט הנחשים בוחר שחקן. אם הוא בחר שד: הראה את קלף 'אתה' ואת אסימון השד. הראה אגודל כלפי מטה והחלף את אסימון מהפנט הנחשים עם אסימון השד. החזר את מהפנט הנחשים הישן לישון. הער את השד הישן. הראה את קלף 'אתה' ואת אסימון מהפנט הנחשים, והראה אגודל כלפי מעלה. ","מהפנט הנחשים בוחר שחקן. אם הוא בחר שד: הראה את קלף <b>אתה</b> ואת אסימון השד. הראה אגודל כלפי מטה והחלף את אסימון מהפנט הנחשים עם אסימון השד. החזר את מהפנט הנחשים הישן לישון. הער את השד הישן. הראה את קלף <b>אתה</b> ואת אסימון מהפנט הנחשים, והראה אגודל כלפי מעלה. <i class=""reminder-token""></i>","מהפנט הנחשים בוחר שחקן. אם הוא בחר שד: הראה את קלף 'אתה' ואת אסימון השד. הראה אגודל כלפי מטה והחלף את אסימון מהפנט הנחשים עם אסימון השד. החזר את מהפנט הנחשים הישן לישון. הער את השד הישן. הראה את קלף 'אתה' ואת אסימון מהפנט הנחשים, והראה אגודל כלפי מעלה. ","מהפנט הנחשים בוחר שחקן. אם הוא בחר שד: הראה את קלף <b>אתה</b> ואת אסימון השד. הראה אגודל כלפי מטה והחלף את אסימון מהפנט הנחשים עם אסימון השד. החזר את מהפנט הנחשים הישן לישון. הער את השד הישן. הראה את קלף <b>אתה</b> ואת אסימון מהפנט הנחשים, והראה אגודל כלפי מעלה. <i class=""reminder-token""></i>",מורעל,1,27,17,townsfolk,2,snv,FALSE,1
snitch,מלשן,משרתים מתחילים עם ידיעה של 3 דמויות שלא במשחק.,הער כל משרת. הראה את קלף 'הדמויות האלה לא במשחק' ואסימונים של 3 דמויות שלא במשחק. החזר כל משרת לישון.,הער כל משרת. הראה את קלף <b>הדמויות האלה לא במשחק</b> ואסימונים של 3 דמויות שלא במשחק. החזר כל משרת לישון.,,,,,14,-1,outsider,1,experimental,FALSE,1
soldier,חייל,אתה מוגן מפני השד.,,,,,,,-1,-1,townsfolk,6,tb,FALSE,1
spiritofivory,רוח שנהב,לא יכולה להיות יותר משחקן רע נוסף אחד.,,,,,אין רעים נוספים,1,-1,-1,fabled,101,experimental,FALSE,1
spy,מרגל,"בכל לילה, אתה רואה את הגרימואר. אתה עלול להיחשב כטוב וכדמות תושב-עיירה או זר, אפילו אם אתה מת.",הראה את הגרימואר למרגל לכמה זמן שהוא צריך.,הראה את הגרימואר למרגל לכמה זמן שהוא צריך.,הראה את הגרימואר למרגל לכמה זמן שהוא צריך.,הראה את הגרימואר למרגל לכמה זמן שהוא צריך.,,,59,75,minion,2,tb,FALSE,1
steward,דייל,אתה מתחיל בידיעה על שחקן טוב אחד.,הצבע על השחקן הטוב המסומן 'יודע',הצבע על השחקן הטוב המסומן <b>יודע</b>,,,יודע,1,52,-1,townsfolk,1,experimental,FALSE,1
stormcatcher,לוכד סערות,"תנקוב בשם של דמות טובה. אם היא במשחק, היא יכולה למות רק ע""י הוצאה להורג, אבל דמויוות רעות יודעות מי השחקן של הדמות הזו.","בתחילת הלילה, הכרז איזו דמות מועדפת ע""י לוכד הסערות. אם הדמות הזו במשחק, סמן את השחקן כ'מוגן'. הער כל שחקן רע והראה את אסימון הדמות, והצבע על השחקן המסומן. אם לא במשחק, הער כל שחקן רע, הראה להם את קלף 'הדמויות האלה לא במשחק' ואת אסימון הדמות הרלוונטית.","בתחילת הלילה, הכרז איזו דמות מועדפת ע""י לוכד הסערות. אם הדמות הזו במשחק, סמן את השחקן כ<b>מוגן</b>. הער כל שחקן רע והראה את אסימון הדמות, והצבע על השחקן המסומן. אם לא במשחק, הער כל שחקן רע, הראה להם את קלף <b>הדמויות האלה לא במשחק</b> ואת אסימון הדמות הרלוונטית.",,,מוגן,1,3,-1,fabled,101,experimental,FALSE,1
sweetheart,מותק,"כשאת מתה, שחקן אחד הוא שיכור מעכשיו והלאה.",,,"אם המותק מתה, שחקן הופך לשיכור ישירות. אם לא עשית זאת עדיין, עשה זאת כעת. ","אם המותק מתה, שחקן הופך לשיכור ישירות. אם לא עשית זאת עדיין, עשה זאת כעת. <i class=""reminder-token""></i>",שיכור,1,-1,48,outsider,6,snv,FALSE,1
tealady,נערת תה,"אם שני השכנים שלך הם טובים, הם לא יכולים למות.",,,,,לא יכול למות,2,-1,-1,townsfolk,6,bmr,FALSE,1
thief,גנב,"בכל לילה, בחר שחקן (לא את עצמך): ההצבעה שלו נחשבת כשלילית מחר.",הגנב בוחר שחקן. ,"הגנב בוחר שחקן. <i class=""reminder-token""></i>",הגנב בוחר שחקן. ,"הגנב בוחר שחקן. <i class=""reminder-token""></i>",הצבעה שלילית,1,8,7,traveler,100,experimental,FALSE,1
tinker,פחח,אתה עלול למות בכל רגע.,,,הפחח עלול למות ,"הפחח עלול למות <i class=""reminder-token""></i>",מת,1,-1,56,outsider,6,bmr,FALSE,1
towncrier,כרוז עירוני,"בכל לילה*,  אתה לומד אם משרת העלה להצבעה היום.",,,תהנהן או תניד בראשך.,תהנהן או תניד בראשך.,"משרת העלה להצבעה, משרת לא העלה להצבעה","1,1",-1,65,townsfolk,3,snv,FALSE,1
toymaker,יצרן צעצועים,השד רשאי לבחור לא לתקוף וחייב לעשות את זה לפחות פעם אחת במשחק. שחקנים רעים מקבלים מידע התחלתי כרגיל.,בצע את שלבי מידע השד ומידע המשרתים אפילו שיש פחות מ7 שחקנים.,בצע את שלבי מידע השד ומידע המשרתים אפילו שיש פחות מ7 שחקנים.,"אם זה לילה שבו הריגה של שד יכולה לסיים את המשחק, והשד מסומן 'לילה אחרון; אין התקפה' אז השד לא פועל הלילה (אל תעיר אותו)","אם זה לילה שבו הריגה של שד יכולה לסיים את המשחק, והשד מסומן <b>לילה אחרון; אין התקפה</b> אז השד לא פועל הלילה (אל תעיר אותו)",אין התקפה,1,4,2,fabled,101,experimental,FALSE,1
undertaker,קברן,"בכל לילה*, אתה לומד איזו דמות מתה היום בהוצאה להורג.",,,"אם שחקן הוצא להורג היום, הראה את אסימון הדמות שלו.","אם שחקן הוצא להורג היום, הראה את אסימון הדמות שלו.",הוצא להורג,1,-1,62,townsfolk,3,tb,FALSE,1
vigormortis,ויגורמורטיס,"בכל לילה*, בחר שחקן: הוא מת. משרתים שאתה הורג שומרים את היכולת שלהם ומרעילים תושב-עיירה אחד ששכן להם. [-1 זר]",,,"הויגורמורטיס בוחר שחקן.  אם השחקן היה משרת, הרעל שכן תושב-עיירה שלו. ","הויגורמורטיס בוחר שחקן. <i class=""reminder-token""></i> אם השחקן היה משרת, הרעל שכן תושב-עיירה שלו. <i class=""reminder-token""></i>","מת, יש יכולת, מורעל","1,3,3",-1,39,demon,3,snv,TRUE,1
virgin,בתול,"הפעם הראשונה שמעלים אותך להצבעה, אם מי שהעמיד אותך הוא תושב-עיירה, הוא מוצא להורג מיד.",,,,,אין יכולת,1,-1,-1,townsfolk,6,tb,FALSE,1
vizier,וזיר,"כל השחקנים יודעים מי אתה. אתה לא יכול למות במהלך היום. אם הטובים הצביעו, אתה רשאי להוציא להורג מיד.",הכרז על הוזיר לקבוצה.,הכרז על הוזיר לקבוצה.,,,,,66,-1,minion,6,experimental,FALSE,1
vortox,וורטוקס,"בכל לילה*, בחר שחקן: הוא מת. יכולות של תושבי-עיירה נותנות מידע שגוי. בכל יום, אם אף אחד לא הוצא להורג, הרעים מנצחים.",,,הוורטוקס בוחר שחקן. ,"הוורטוקס בוחר שחקן. <i class=""reminder-token""></i>",מת,1,-1,38,demon,3,snv,FALSE,1
voudon,וודון,רק אתה והמתים יכולים להצביע. הם לא צריכים אסימון הצבעה בשביל להצביע. לא צריך רוב של 50%.,,,,,,,-1,-1,traveler,100,experimental,FALSE,1
washerwoman,כובסת,את מתחילה בידיעה שאחד מתוך שני שחקנים הוא תושב-עיירה ספציפי.,הראה את אסימון הדמות של תושב-העיירה. הצבע על השחקנים המסומנים 'תושב-עיירה' ו'לא תושב-עיירה'.,הראה את אסימון הדמות של תושב-העיירה. הצבע על השחקנים המסומנים <b>תושב-עיירה</b> ו<b>לא תושב-עיירה</b>.,,,"תושב-עיירה, לא תושב-עיירה","1,1",41,-1,townsfolk,1,tb,FALSE,1
widow,אלמנה,"בלילה הראשון שלך, תסתכלי בגרימואר ותבחרי שחקן: הוא מורעל. שחקן טוב אחד יודע שהאלמנה במשחק.",הראה את הגרימואר לכמה זמן שהאלמנה צריכה. האלמנה בוחרת שחקן. ,"הראה את הגרימואר לכמה זמן שהאלמנה צריכה. האלמנה בוחרת שחקן. <i class=""reminder-token""></i>",,,"מורעל, יודע","1,1",25,-1,minion,1,experimental,FALSE,1
witch,מכשפה,"בכל לילה, בחרי שחקן: אם הוא מעלה להצבעה מחר, הוא מת. אם רק 3 שחקנים חיים, את מאבדת את היכולת הזו.",המכשפה בוחרת שחקן. ,"המכשפה בוחרת שחקן. <i class=""reminder-token""></i>",המכשפה בוחרת שחקן. ,"המכשפה בוחרת שחקן. <i class=""reminder-token""></i>",מקולל,1,31,20,minion,2,snv,FALSE,1
zombuul,זומבול,"בכל לילה*, אם אף אחד לא מת היום, בחר שחקן: הוא מת. הפעם הראשונה שאתה מת, אתה חי אבל נחשב כמת.",,,"אם אף אחד לא מת היום, הזומבול בוחר שחקן. ","אם אף אחד לא מת היום, הזומבול בוחר שחקן. <i class=""reminder-token""></i>","מתו היום, מת","1,1",-1,32,demon,3,bmr,FALSE,1
dawn,שחר,,חכה מספר שניות. סיים את שלב הלילה.,חכה מספר שניות. סיים את שלב הלילה.,חכה מספר שניות. סיים את שלב הלילה,חכה מספר שניות. סיים את שלב הלילה,,,64,80,reminders,102,,FALSE,0
demoninfo,מידע לשד,,"אם יש 7 שחקנים או יותר, הער את השד: הראה את קלף 'אלה המשרתים שלך'. הצבע על המשרתים. הראה את קלף ' הדמויות האלה לא במשחק'. הראה אסימונים של 3 דמויות טובות מחוץ למשחק.","אם יש 7 שחקנים או יותר, הער את השד: הראה את קלף <b>אלה המשרתים שלך</b>. הצבע על המשרתים. הראה את קלף <b> הדמויות האלה לא במשחק</b>. הראה אסימונים של 3 דמויות טובות מחוץ למשחק.",,,,,16,-1,reminders,102,,FALSE,0
dusk,בין הערביים,,התחל את שלב הלילה.,התחל את שלב הלילה.,התחל את שלב הלילה.,התחל את שלב הלילה.,,,0,0,reminders,102,,FALSE,0
minioninfo,מידע למשרתים,,"אם יש 7 שחקנים או יותר, הער את כל המשרתים: הראה את קלף 'זהו השד'. הצבע על השד. הראה את קלף 'אלה המשרתים שלך'. הצבע על שאר המשרתים.","אם יש 7 שחקנים או יותר, הער את כל המשרתים: הראה את קלף <b>זהו השד</b>. הצבע על השד. הראה את קלף <b>אלה המשרתים שלך</b>. הצבע על שאר המשרתים.",,,,,13,-1,reminders,102,,FALSE,0