id,name,ability,firstNightReminder,otherNightReminder,reminders,firstNight,otherNight,team,edition,setup
acrobat,לוליין,"בכל לילה*, אם אחד מהשכנים הטובים החיים שלך שיכור או מורעל, אתה מת.",,"אם שכן חי טוב של הלולין מורעל, הוא מת.",מת,-1,46,outsider,experimental,FALSE
alchemist,אלכימאי,יש לך יכולת של משרת שלא במשחק.,הראה לאלכימאי דמות משרת מחוץ למשחק.,,האלכימאי,10,-1,townsfolk,experimental,FALSE
alhadikhia,אל-חדיקיה,"בכל לילה*, בחר שלושה שחקנים (כל השחקנים יודעים במי בחרת). כל אחד מהם בוחר לחיות או למות, אבל אם כולם חיים, כולם מתים.",,"האל-חדיקיה בוחר שלושה שחקנים. תצהיר על השחקן הראשון שנבחר, הער אותו לנענע בראש כן כדי לחיות או לנדנד בראש כדי למות. תהרוג או תחיה בהתאם, ואז תרדים אותו ותכריז על השחקן הבא. אם שלושת השחקנים חיים אחרי זה, שלושתם מתים.","1,2,3,בוחר בחיים, בוחר במוות",-1,40,demon,experimental,FALSE
amnesiac,אמנזי,"אתה לא יודע מה היכולת שלך. בכל יום, אתה יכול לנחש בפרטיות מה היכולת. אתה לומד כמה אתה קרוב.","תחליט מה היכולת של האמנזי. אם היכולת שלו גורמת לו לקום בלילה, תעיר את האמנזי ותבצע את הפעולה בהתאם.","אם היכולת של האמנזי גורמת לו לקום בלילה, תעיר אותו ותבצע את הפעולה בהתאם.",?,40,54,townsfolk,experimental,FALSE
angel,מלאך,משהו רע עלול לקרות למי שהיה הכי אחראי על המוות של שחקן חדש.,"הכרז איזה שחקנים מוגנים מפני המלאך. הוסף את אסימון ""מוגן"" ליד השחקנים הרלוונטים",,"מוגן, משהו רע",1,-1,fabled,experimental,FALSE
apprentice,מתמחה,"בלילה הראשון שלך, אתה מקבל יכולת של תושב-עיירה (אם אתה טוב) או של משרת (אם אתה רע).","הראה למתמחה את קל, ""אתה"" ואז קלף של תושב-עיירה או משרת. החלף את האסימון של המתמחה בגרימואר באסימון של תושב-העיירה או המשרת שהראית לו, והוסף את התזכורת של המתמחה לידו.",,המתמחה,5,-1,traveller,experimental,FALSE
artist,אמן,"פעם אחת במשחק, במהלך היום, תשאל את מספר-הסיפורים בפרטיות כל שאלה של כן או לא.",,,ללא יכולת,-1,-1,townsfolk,snv,FALSE
assassin,מתנקש,"פעם אחת במשחק, במהלך הלילה, בחר שחקן: הוא מת, אפילו אם מסיבה מסוימת הוא לא יכול למות.",,"אם המתנקש עדיין לא השתמש ביכולת שלו: המתנקש מנדנד את הראש ""לא"" או מצביע על שחקן. השחקן הזה מת.","מת, ללא יכולת",-1,43,minion,bmr,FALSE
atheist,אתאיסט,"מספר-הסיפורים יכול לשבור את חוקי המשחק ואם מוציאים אותו להורג, הטובים מנצח, אפילו אם אתה מת. [אין דמויות רעות]",,,,-1,-1,townsfolk,experimental,TRUE
balloonist,מפריח הבלונים,"בכל לילה, אתה לומד שחקן אחד מכל סוג דמות, עד שאין יותר סוגים ללמוד (תושב-עיירה, זר, משרת, שד). [+1 זר]","בחר סוג דמות. הצבע על שחקן שדמותו מהסוג הנבחר. הנח את אסימון ה""נראה"" של מפריח הבלונים ליד הדמות הזו.","בחר סוג דמות שאין אסימון ""נראה"" ליד דמות מהסוג הזה כבר. הצבע על שחקן שדמותו מהסוג הנבחר, אם נשארו כאלה. הנח את אסימון ה""נראה"" של מפריח הבלונים ליד הדמות הזו,.","ראה תושב-עיירה, ראה זר, ראה משרת, ראה שד, ראה מטייל",55,69,townsfolk,experimental,TRUE
barber,ספר,"אם מתת היום או הלילה, השד רשאי לבחור 2 שחקנים (לא שד אחר) כך שיחליפו דמויות.",,"אם הספר מת היום: הער את השד. הראה לו ""הדמות הזו בחרה אותך"" ואז את אסימון ה""ספר"". השד מנדנד את ראשו לשלילה או מצביע על 2 שחקנים. אם הוא בחר בשחקנים: החלף את אסימוני הדמויות שלהם. הער כל שחקן בנפרד. הראה להם ""אתה"" ואז את אסימון הדמות החדשה שלהם.",מסתפר הלילה,-1,47,outsider,snv,FALSE
barista,בריסטה,"בכל לילה, עד השחר 1) שחקן הופך לפיכח ובריא ומקבל מידע נכון או 2) היכולת שלו פועלת פעמיים. השחקן לומד מה קרה.","בחר שחקן, הער אותו וספר לו איזה מכוחות הבריסטה משפיע עליו. התייחס אליו בהתאם.","בחר שחקן, הער אותו וספר לו איזה מכוחות הבריסטה משפיע עליו. התייחס אליו בהתאם.","פיכח ובריא, יכולת פעמיים",6,3,traveller,experimental,FALSE
baron,ברון,יש יותר זרים במשחק. [+2 זרים],,,,-1,-1,minion,tb,TRUE
beggar,קבצן,"אתה חייב להשתמש באסימון הצבעה כדי להצביע. שחקנים מתים רשאים לתת לך את שלהם אם הם בוחרים בכך. אם זה קורה, אתה לומד האם הם טובים או רעים. אתה פיכח ובריא.",,,,-1,-1,traveller,experimental,FALSE
bishop,בישוף,רק מספר-הסיפורים יכול להעמיד להצבעה. לפחות שחקן אחד מהקבוצה הנגדית חייב לעמוד להצבעה בכל יום.,,,"להציע טוב, להציע רע",-1,-1,traveller,experimental,FALSE
bonecollector,אספן העצמות,"פעם אחת במשחק, בלילה, בחר שחקן מת: הוא מקבל את היכולת שלו עד השחר.",,"אספן העצמות מנדנד את ראשו לשלילה או מצביע על שחקן מת. אם הוא הצביע על שחקן מת כלשהו, תשים את אסימון התזכורת ""יש יכולת"" של אספן העצמות על האסימון של השחקן המת. (יכול להיות שהוא יצטרך לקום בלילה).","אין יכולת, יש יכולת",-1,4,traveller,experimental,FALSE
boomdandy,פצצאבאלה,"אם הוציאו אותך להורג, כולם מתים חוץ מ3 שחקנים. דקה לאחר מכן, השחקן שהכי הרבה שחקנים מצביעים עליו מת.",,,,-1,-1,minion,experimental,FALSE
bootlegger,מבריח,בסקריפט הזה יש דמויות לא רשמיות או חוקי בית,,,,-1,-1,fabled,experimental,FALSE
bountyhunter,צייד ראשים,"אתה מתחיל עם הידיעה ששחקן אחד הוא רע. אם השחקן שאתה יודע עליו מת, אתה לומד עוד דמות רעה במהלך הלילה. [תושב-עיירה אחד הוא רע]","תצביע על שחקן רע אחד. תעיר את תושב-העיירה שהוא רע והראו לו את הקלף ""אתה"" וסמן לו אגודל כלפי מטה, הסימן שמראה שהוא רע.","אם השחקן הרע הידוע מת, תצביע על שחקן רע אחר.",ידוע,56,71,townsfolk,experimental,TRUE
buddhist,בודהיסט,"ב2 הדקות הראשונות של כל יום, שחקנים ותיקים לא רשאים לדבר.",,,,2,-1,fabled,experimental,FALSE
bureaucrat,משרדן,"בכל לילה, בחר שחקן (חוץ מעצמך): הקול שלו נחשב כ3 קולות מחר.","המשרדן מצביע על שחקן. שים את אסימון ה""3 קולות"" של הבירוקרטליד האסימון של הדמות של השחקן הנבחר.","המשרדן מצביע על שחקן. שים את אסימון ה""3 קולות"" של הבירוקרטליד האסימון של הדמות של השחקן הנבחר.",3 קולות,7,5,traveller,experimental,FALSE
butcher,קצב,"בכל יום, אחרי ההוצאה הראשונה להורג, אתה רשאי להעמיד להצבעה פעם נוספת.",,,,-1,-1,traveller,experimental,FALSE
butler,מלצר,"בכל לילה, בחר שחקן (חוץ מעצמך): מחר, אתה רשאי להצביע רק אם הוא מצביע גם כן.","המלצר מצביע על שחקן. סמן את השחקן הזה כ""אדון"".","המלצר מצביע על שחקן. סמן את השחקן הזה כ""אדון"".",אדון,47,74,outsider,tb,FALSE
cannibal,קניבל,"יש לך את היכולת של השחקן האחרון שהוצא להורג. אם  הוא היה רע, אתה מורעל עד ששחקן טוב מת על ידי הוצאה להורג.",,,"מורעל, מת היום",-1,-1,townsfolk,experimental,FALSE
cerenovus,סרנובוס,"בכל לילה, תבחר שחקן ודמות טובה: הוא ""משוגע"" שהוא הדמות הזו מחר, או שהוא עלול למות.","הסרנובוס מצביע על שחקן ואז על דמות בדף שלו. תעיר את השחקן שנבחר. תראה את ""הדמות הזו בחרה אותך"" ואז את אסימון הסרנובוס. תראה את הדמות שנבחרה. אם השחקן לא ""משוגע"" שהוא הדמות הזו, הוא יכול למות.","הסרנובוס מצביע על שחקן ואז על דמות בדף שלו. תעיר את השחקן שנבחר. תראה את ""הדמות הזו בחרה אותך"" ואז את אסימון הסרנובוס. תראה את הדמות שנבחרה. אם השחקן לא ""משוגע"" שהוא הדמות הזו, הוא יכול למות.",משוגע,32,21,minion,snv,FALSE
chambermaid,חדרנית,"בכל לילה, תבחרי 2 שחקנים חיים (לא את עצמך): את לומדת כמה מהם קמו הלילה בגלל היכולת שלהם.","החדרנית מצביעה על שני שחקנים. תסמן את המספר (0,1,2) של כמה מהשחקנים שנבחרו קמו בלילה בגלל היכולת שלהם.","החדרנית מצביעה על שני שחקנים. תסמן את המספר (0,1,2) של כמה מהשחקנים שנבחרו קמו בלילה בגלל היכולת שלהם.",,62,78,townsfolk,bmr,FALSE
chef,שף,אתה מתחיל בידיעה של כמה זוגות של שחקנים רעים יש במשחק.,"תסמן עם האצבעות (0,1,2,...) את מספר הזוגות של שחקנים שכנים רעים.",,,44,-1,townsfolk,tb,FALSE
choirboy,נער מקהלה,"אם השד הורג את המלך, אתה לומד איזה שחקן הוא השד. [+מלך]",,"אם המלך נהרג ע""י השד, תעיר את נער המקהלה ותסמן לו מי השחקן של השד.",,-1,51,townsfolk,experimental,TRUE
clockmaker,יצרן השעונים,אתה מתחיל בידיעה של כמה צעדים יש מהשד למשרת הקרוב אליו.,"תסמן עם האצבעות (1,2,3,...) כמה מקומות מהשד נמצא המשרת הקרוב ביותר.",,,49,-1,townsfolk,snv,FALSE
courtier,חצרן,"פעם אחת במשחק, בלילה, תבחר דמות: היא שיכורה ל3 לילות ו3 ימים.","החצרן מנדנד את ראשו לשלילה או מצביע על דמות בדף שלו. אם החצרן השתמש ביכולת שלו: אם הדמות הזו במשחק, הדמות הזו שיכורה ל3 ימים ו3 לילות.","הורד באחד את מספר הימים שנשארו לשחקן שנבחר להיות שיכור. אם החצרן לא השתמש ביכולת שלו עדיין: החצרן מנדנד את ראשו לשלילה או מצביע על דמות בדף שלו. אם החצרן השתמש ביכולת שלו: אם הדמות הזו במשחק, הדמות הזו שיכורה ל3 ימים ו3 לילות.","שיכור 3, שיכור 2, שיכור 1, אין יכולת",26,14,townsfolk,bmr,FALSE
cultleader,מנהיג הכת,"בכל לילה, אתה עובר לקבוצה של שכן חי שלך. אם כל השחקנים הטובים מצטרפים לכת שלך, הקבוצה שלך מנצחת.","אם מנהיג הכת עבר קבוצה, הראה לו אגודל מעלה כדי לסמן שהוא טוב או אגודל למטה כדי לסמן שהוא רע.","אם מנהיג הכת עבר קבוצה, הראה לו אגודל מעלה כדי לסמן שהוא טוב או אגודל למטה כדי לסמן שהוא רע.",,58,73,townsfolk,experimental,FALSE
damsel,עלמה,"כל המשרתים יודעים שהעלמה במשחק. אם משרת מנחש אותך בפומבי (פעם אחת), הקבוצה שלך מפסידה.","הער את כל המשרתים, הראה להם את אסימון ""הדמות הזו בחרה בך"" ואז את אסימון ה""עלמה"".","אם העלמה נבחרה על ידי הצייד, הער אותה והראה לה את אסימון ""את"" ואז אסימון של דמות שלא במשחק.",ניחוש בוזבז,39,53,outsider,experimental,FALSE
deviant,סוטה,"אם היית מצחיק היום, אי אפשר להגלות אותך.",,,,-1,-1,traveller,experimental,FALSE
devilsadvocate,פרקליט השטן,"בכל לילה, תבחר שחקן חי (שונה מהלילה הקודם): אם מוציאים אותו להורג מחר, הוא לא מת.",פרקליט השטן מצביע על אדם חי. הוא שורד את ההוצאה להורג מחר.,פרקליט השטן מצביע על אדם חי. הוא שורד את ההוצאה להורג מחר.,שורד הוצאה להורג,29,19,minion,bmr,FALSE
djinn,ג'יני,השתמש בחוק המיוחד של הג'יני. כל השחקנים יודעים מה הוא.,,,,-1,-1,fabled,experimental,FALSE
doomsayer,שוחר האבדון,"אם 4 או יותר שחקנים חיים, כל שחקן חי רשאי לבחור בפומבי (פעם אחת במשחק) ששחקן מאותה הקבוצה שלו ימות.",,,,-1,-1,fabled,experimental,FALSE
dreamer,חולמני,"בכל לילה, תבחר שחקן (חוץ מעצמך וממטיילים): אתה לומד דמות אחת רעה ואחת טובה, מתוכם אחד נכון.","החולמני מצביע על שחקן. תראה לו דמות אחת טובה ואחת רעה, כשאחת מהן היא הדמות האמיתית.","החולמני מצביע על שחקן. תראה לו דמות אחת טובה ואחת רעה, כשאחת מהן היא הדמות האמיתית.",,50,63,townsfolk,snv,FALSE
drunk,שיכור,"אתה לא יודע שאתה שיכור. אתה חושב שאתה תושב-עיירה, אבל אתה לא.",,,שיכור,-1,-1,outsider,tb,TRUE
duchess,דוכסית,"בכל יום, 3 שחקנים רשאים לבקר אותך. בלילה*, כל מבקר לומד כמה מבקרים הם רעים, אבל אחד מהם יקבל מידע שגוי.",,,"מבקר, מידע שגוי",-1,1,fabled,experimental,FALSE
empath,בוחן לבבות,"בכל לילה, אתה לומד כמה מבין 2 השכנים החיים שלך הם רעים.","הראה מספר עם האצבעות (0,1,2) שאומר כמה שכנים חיים רעים יש לבוחן הלבבות.","הראה מספר עם האצבעות (0,1,2) שאומר כמה שכנים חיים רעים יש לבוחן הלבבות.",,45,60,townsfolk,tb,FALSE
engineer,מהנדס,"פעם אחת במשחק, בלילה, תבחר איזה מהמשרתים או איזה שד יהיו במשחק.","המהנדס מנדנד את ראשו לשלילה, או מצביע על שד או על המספר הרלוונטי של משרתים. אם המהנדס בחר בדמויות, תחליף את השד או את המשרתים בבחירות של המהנדס, ואז תעיר את השחקנים שתפקידם השתנה ותראה להם את התפקיד החדש שלהם.","המהנדס מנדנד את ראשו לשלילה, או מצביע על שד או על המספר הרלוונטי של משרתים. אם המהנדס בחר בדמויות, תחליף את השד או את המשרתים בבחירות של המהנדס, ואז תעיר את השחקנים שתפקידם השתנה ותראה להם את התפקיד החדש שלהם.",אין יכולת,20,11,townsfolk,experimental,FALSE
eviltwin,תאום רשע,"אתה ושחקן מהקבוצה הנגדית יודעים אחד על השני. אם השחקן הטוב מוצא להורג, הרעים מנצחים. הטובים לא יכולים לנצח אם שניכם חיים.","תעיר את התאום הרשע ואת התאום שלו. תוודא שהם שמו לב אחד לשני. תצביע על התאום הרשע, ותראה את אסימון ""התאום הרשע"" לתאום הטוב. תצביע על התאום הטוב, ותראה את אסימון הדמות שלו לתאום הרשע.",,תאום,30,-1,minion,snv,FALSE
exorcist,מגרש השדים,"בכל לילה*, תבחר שחקן (שונה מהלילה הקודם): אם בחרת את השד, הוא לומד מי אתה ולא קם בלילה.",,"מגרש השדים מצביע על שחקן, שונה מהלילה הקודם. אם השחקן שנבחר הוא השד: תעיר את השד. תראה לו את אסימון מגרש השדים. תצביע למגרש השדים. השד לא פועל הלילה.",נבחר,-1,28,townsfolk,bmr,FALSE
fanggu,פאנג גו,"בכל לילה*, תבחר שחקן: הוא מת. הזר הראשון שהיכולת הזו הורגת הופך לפאנג גו רע ואתה מת במקום [+1 זר]",,"הפאנג גו מצביע על שחקן. השחקן הזה מת. או, אם השחקן הזה היה זר ואין עוד פאנג גו במשחק: הפאנג גו מת במקום השחקן שנבחר. השחקן שנבחר הוא עכשיו פאנג גו רשע. תעיר את הפאנג גו החדש. תראה לו את אסימון ""אתה"" ואת אסימון הפאנג גו. תראה לו את אסימון ""אתה"" ואגודל כלפי מטה שמסמן ""רשע"".","מת, פעם אחת",-1,36,demon,snv,TRUE
farmer,חקלאי,"אם אתה מת בלילה, שחקן טוב חי הופך להיות החקלאי.",,"אם החקלאי מת הלילה, תבחר שחקן טוב אחר ותהפוך אותם לחקלאי. תעיר את השחקן הזה, תראה לו את אסימון ""אתה"" ואת אסימון ה""חקלאי"".",,-1,55,townsfolk,experimental,FALSE
fearmonger,מעורר הפחד,"בכל לילה, תבחר שחקן. אם אתה מעמיד אותו להצבעה והוא מוצא להורג, הקבוצה שלו מפסידה. כל השחקנים יודעים כאשר בחרת שחקן חדש.",מעורר הפחד מצביע על שחקן. תניח את אסימון הפחד ליד השחקן הנבחר ותודיע שנבחר שחקן חדש עם היכולת של מעורר הפחד.,"מעורר הפחד מצביע על שחקן. אם הוא בחר בשחקן שונה מהלילה הקודם, תניח את אסימון הפחד ליד השחקן הנבחר ותודיע שנבחר שחקן חדש עם היכולת של מעורר הפחד.",פחד,33,23,minion,experimental,FALSE
fibbin,צ'קלפן,"פעם אחת במשחק, שחקן טוב אחד עלול לקבל מידע שגוי.",,,שומש,-1,-1,fabled,experimental,FALSE
fiddler,כנר,"פעם אחת במשחק, השד בוחר בסודיות שחקן מהקבוצה הנגדית: כל השחקנים בוחרים מי מבין שני השחקנים האלה מנצח.",,,,-1,-1,fabled,experimental,FALSE
fisherman,דייג,"פעם אחת במשחק, במהלך היום, תבקר את מספר הסיפורים בשביל עצה שתעזור לך לנצח.",,,אין יכולת,-1,-1,townsfolk,experimental,FALSE
flowergirl,נערת הפרחים,"בכל לילה*, את לומדת אם השד הצביע היום.",,תנענע בראשך לחיוב או תנדנד לשלילה לגבי האם השד הצביע היום. ,"שד הצביע, שד לא הצביע",-1,64,townsfolk,snv,FALSE
fool,שוטה,"בפעם הראשונה שאתה מת, אתה לא מת.",,,אין יכולת,-1,-1,townsfolk,bmr,FALSE
fortuneteller,מגלה עתידות,"בכל לילה, תבחר 2 שחקנים: אתה לומד האם אחד מהם הוא השד. יש שחקן טוב שנחשב עבורך כמו שד.",מגלה העתידות מצביע על שני שחקנים. תנענע בראשך לחיוב או תנדנד לשלילה לגבי האם אחד משניהם הוא השד.,מגלה העתידות מצביע על שני שחקנים. תנענע בראשך לחיוב או תנדנד לשלילה לגבי האם אחד משניהם הוא השד.,הסחת דעת,46,61,townsfolk,tb,FALSE
gambler,מהמר,"בכל לילה*, תבחר שחקן ותנחש מה הדמות שלו: אם ניחשת שגוי, אתה מת.",,"המהמר מצביע על שחקן, ועל דמות בדף הדמויות. אם זה לא נכון, המהמר מת.",מת,-1,16,townsfolk,bmr,FALSE
gangster,גנגסטר,"פעם אחת בכל יום, אתה רשאי להרוג שכן חי, אם השכן החי האחר מסכים.",,,,-1,-1,traveller,experimental,FALSE
gardener,גנן,מספר-הסיפורים מקצה דמויות של שחקן אחד או יותר,,,,-1,-1,fabled,experimental,FALSE
general,גנרל,"בכל לילה, אתה לומד מה הצד שמספר הסיפורים מאמין שמנצח: טוב, רע או אף אחד מהם.","תראה לגנרל אגודל כלפי מעלה עבור טוב מנצח, אגודל כלפי מטה עבור רע מנצח, ואגודל לצד אם אף אחד מהם.","תראה לגנרל אגודל כלפי מעלה עבור טוב מנצח, אגודל כלפי מטה עבור רע מנצח, ואגודל לצד אם אף אחד מהם.",,61,77,townsfolk,experimental,FALSE
goblin,גובלין,"אם אתה מודיע בפומבי שאתה הגובלין כשאתה מועמד להצבעה ואתה גם מוצא להורג באותו יום, הקבוצה שלך מנצחת.",,,הודיע,-1,-1,minion,experimental,FALSE
godfather,סנדק,"אתה מתחיל בידיעה של איזה זרים יש  במשחק. אם אחד מהם מת היום, תבחר שחקן הלילה: הוא מת. [-1 או +1 זר]",תראה כל אסימון של זר שבמשחק לסנדק.,אם זר מת היום: הסנדק מצביע על שחקן. השחקן הזה מת.,"מת היום, מת",28,44,minion,bmr,TRUE
golem,גולם,"אתה רשאי להעלות להצבעה רק פעם אחת במשחק. כשאתה עושה את זה, אם המועמד הוא לא השד, הוא מת.",,,לא יכול להציע להצבעה,-1,-1,outsider,experimental,FALSE
goon,בריון,"בכל לילה, השחקן הראשון שבוחר אותך עם היכולת שלו הוא שיכור עד השחר. אתה עובר לקבוצה שלו.",,,שיכור,-1,-1,outsider,bmr,FALSE
gossip,רכלן,"בכל יום, אתה רשאי לצאת בהצהרה פומבית. הלילה, אם היא נכונה, שחקן מת.",,אם ההצהרה הפומבית של הרכלן הייתה נכונה: תבחר שחקן שלא מוגן ממוות הלילה. הוא מת.,מת,-1,45,townsfolk,bmr,FALSE
grandmother,סבתא,"את מתחילה בידיעה של שחקן טוב והדמות שלו. אם השד הורג אותם, את מתה בנוסף.","תראה את האסימון של הדמות המסומנת, ותצביע על השחקן שזה הדמות שלו.","אם נכד של הסבתא נהרג ע""י השד בלילה: הסבתא מתה.",נכד,48,58,townsfolk,bmr,FALSE
gunslinger,תותחן,"בכל יום, אחרי שהצביעו בהצבעה הראשונה, אתה רשאי לבחור שחקן שהצביע: הוא מת.",,,,-1,-1,traveller,experimental,FALSE
harlot,פרוצה,"בכל לילה*, תבחרי שחקן חי: אם הוא מסכים, את לומדת מה הדמות שלו, אבל שניכם עלולים למות.",,"הפרוצה מצביעה על שחקן כלשהו. אחר כך, תרדים את הפרוצה. תעיר את השחקן הנבחר, ותראה להם ""הדמות הזו בחרה אותך"" ואת אסימון ה""פרוצה"". השחקן הזה מנענע בראשו לחיוב או מנדנד לשלילה. אם הוא נענע לחיוב, תעיר את הפרוצה ותראה לה את הדמות של השחקן הנבחר. לאחר מכן תחליט אם שניהם מתים.",מת,-1,6,traveller,experimental,FALSE
harpy,הרפי,"בכל לילה, בחרי 2 שחקנים: מחר, השחקן הראשון ""משוגע"" שהשני רע, או ששניהם עלולים למות.","ההרפי בוחרת שני שחקנים. סמן את הראשון ""משוגע"" והשני ""שני"". תחזיר את ההרפי לישון. הער את המטרה הראשונה. הראה לה את אסימון ""הדמות הזו בחרה אותך"" ואת אסימון ההרפי, ואז הצבע על המטרה השנייה.","ההרפי בוחרת שני שחקנים. סמן את הראשון ""משוגע"" והשני ""שני"". תחזיר את ההרפי לישון. הער את המטרה הראשונה. הראה לה את אסימון ""הדמות הזו בחרה אותך"" ואת אסימון ההרפי, ואז הצבע על המטרה השנייה.","משוגע,שני",34,24,minion,experimental,FALSE
hellslibrarian,ספרנית הגיהנום,משהו רע עלול לקרות למי שמדבר כשמספר הסיפורים מבקש שקט.,,,משהו רע,-1,-1,fabled,experimental,FALSE
heretic,כופר,"כל מי שמנצח הפסיד, וכל מי שמפסיד ניצח, גם אם אתה מת.",,,,-1,-1,outsider,experimental,FALSE
highpriestess,כהנת עליונה,"בכל לילה, למדי איזה שחקן מספר-הסיפורים מאמין שהכי כדאי לך לדבר איתו.",תצביע על שחקן.,תצביע על שחקן.,,60,76,townsfolk,experimental,FALSE
huntsman,צייד,"פעם אחת במשחק, בלילה, תבחר שחקן חי: אם בחרת בעלמה, היא הופכת להיות תושב-עיירה שלא במשחק. [+עלמה]","הצייד מנדנד את ראשו לשלילה או מצביע על שחקן. אם הוא הצביע על העלמה, תעיר את השחקן המתאים ותראה לו את אסימון ""אתה"" ואסימון של דמות שלא נמצאת במשחק.","הצייד מנדנד את ראשו לשלילה או מצביע על שחקן. אם הוא הצביע על העלמה, תעיר את השחקן המתאים ותראה לו את אסימון ""אתה"" ואסימון של דמות שלא נמצאת במשחק.",אין יכולת,38,52,townsfolk,experimental,TRUE
imp,שדון,"בכל לילה*, תבחר שחקן: הוא מת. אם בחרת בעצמך בדרך הזו, משרת הופך להיות השדון.",,"השדון מצביע על שחקן. השחקן הזה מת. אם השדון בחר בעצמו בדרך הזו: תחליף את התפקיד של משרת חי אחד עם אסימון השדון המיותר. תראה לו את אסימון ""אתה"" ואת אסימון השדון.",מת,-1,31,demon,tb,FALSE
innkeeper,בעל הפונדק,"בכל לילה*, תבחר 2 שחקנים: הם לא יכולים למות הלילה, אבל אחד מהם שיכור עד השחר.",,השחקנים המוגנים והשיכורים מהלילה הקודם מאבדים את הסימונים הללו. בעל הפונדק מצביע על שני שחקנים. הם מוגנים. אחד מהם שיכור.,"מוגן, שיכור",-1,15,townsfolk,bmr,FALSE
investigator,חוקר,אתה מתחיל עם הידיעה ששחקן אחד מתוך שניים הוא משרת מסוים.,"תראה אסימון של משרת שנמצא במשחק לחוקר. תצביע על שני שחקנים, כאשר אחד מהם הוא הדמות הזו.",,"משרת, לא משרת",43,-1,townsfolk,tb,FALSE
judge,שופט,"פעם אחת במשחק, אם שחקן אחר העלה להצבעה, אתה רשאי לאלץ את ההוצאה להורג להצליח או להיכשל.",,,אין יכולת,-1,-1,traveller,experimental,FALSE
juggler,להטוטן,"ביום הראשון שלך, תנחש בפומבי עד 5 דמויות של שחקנים (5 זוגות של דמות-שחקן). בלילה, אתה לומד כמה מהניחושים שלך היו נכונים.",,"אם היום היה היום הראשון: תראה עם היד מספר (1,2,...) של מספר הניחושים הנכונים של הלהטוטן.",ניחוש נכון,-1,68,townsfolk,snv,FALSE
king,מלך,"בכל לילה, אם יש יותר מתים מחיים, אתה לומד דמות אחת שבחיים. השד יודע מי אתה.","תעיר את השד, תראה לו את אסימון ""הדמות הזו בחרה אותך"", את אסימון ה""מלך"", ותצביע על המלך.","אם יש יותר מתים מחיים, תראה למלך אסימון של דמות של שחקן חי.",,17,70,townsfolk,experimental,FALSE
klutz,קלוץ,"כשאתה לומד שמתת, תבחר בפומבי שחקן חי אחד: אם הוא רע, הקבוצה שלך מפסידה.",,,,-1,-1,outsider,snv,FALSE
knight,אביר,אתה מתחיל בידיעה על 2 שחקנים שהם לא השד,"הצבע על שני השחקנים שהם לא השד המסומנים ב""יודע""",,יודע,53,-1,townsfolk,experimental,FALSE
legion,לגיון,"בכל לילה*, שחקן עלול למות. הוצאות להורג נכשלות אם רק רעים הצביעו. אתה נחשב גם כמשרת. [רוב השחקנים הם הלגיון]",,"תבחר שחקן, הוא מת.","מת, עומד למות",-1,30,demon,experimental,TRUE
leviathan,לויתן,"אם יותר משחקן טוב אחד מוצא להורג, אתה מנצח. כל השחקנים יודעים שאתה במשחק. אחרי היום החמישי, הרע מנצח.","תניח את סממן ""יום 1"" של הלוויתן. תכריז: ""הלוויתן במשחק, זה היום הראשון"".",תשנה את סממן התזכורת של הלוויתן בהתאם.,"יום 1, יום 2, יום 3, יום 4, יום 5, שחקן טוב הוצא להורג",65,81,demon,experimental,FALSE
librarian,ספרנית,את מתחילה בידיעה שאחד מתוך שני שחקנים הוא זר מסוים (או שאין זרים במשחק).,"תראה אסימון של זר מסוים שנמצא במשחק, ותצביע על שני שחקנים שאחד מהם הוא הזר שהראית.",,"זר, לא זר",42,-1,townsfolk,tb,FALSE
lilmonsta,מפלצונת,"בכל לילה, המשרתים בוחרים מי שומר על אסימון המפלצונת והוא ""יהיה השד"". שחקן מת בכל לילה*. [+1 משרת]","תעיר את כל המשרתים ביחד, ותן להם להצביע מי הם רוצים שישמור על המפלצונת.","תעיר את כל המשרתים ביחד, ותן להם להצביע מי הם רוצים שישמור על המפלצונת. תבחר שחקן, הוא מת.","השד, מת",22,42,demon,experimental,TRUE
lleech,עלווקה,"בכל לילה*, תבחר שחקן: הוא מת. בלילה הראשון שלך אתה בוחר שחקן חי: הוא מורעל. אתה מת אם ורק אם הוא מת.",העלווקה מצביע על שחקן. תשים את אסימון המורעל לידו.,העלווקה מצביעה על שחקן. הוא מת.,"מת, מורעל",23,41,demon,experimental,FALSE
lunatic,משוגע,"אתה חושב שאתה השד, אבל אתה לא. השד יודע מי אתה ואת מי אתה בוחר בלילה.","אם יש 7 שחקנים או יותר: תראה למשוגע מספר משרתים שרירותיים, כמספר המשרתים שבמשחק. תראה למשוגע 3 אסימוני דמויות טובות שרירותיות. אם האסימון שהמשוגע קיבל הוא של שד שקם בלילה הראשון: הרשה למשוגע לעשות את הפעולות של השד. תשים את סממן ה""תקיפה"" על השחקנים שהמשוגע בחר בהם. תעיר את השד. תראה לו את סממני ה""תקיפה"", ואז תצביע על השחקנים שהמשוגע בחר בהם. תסיר את סממני ה""תקיפה"". ","הרשה למשוגע לעשות את הפעולות של השד. תשים את סממן ה""תקיפה"" על השחקנים שהמשוגע בחר בהם. תעיר את השד. תראה לו את סממני ה""תקיפה"", ואז תצביע על השחקנים שהמשוגע בחר בהם. תסיר את סממני ה""תקיפה"". ","התקפה 1, התקפה 2, התקפה 3",15,27,outsider,bmr,FALSE
lycanthrope,ליקנטרופ,"בכל לילה*, תבחר שחקן חי: אם הוא טוב, הוא מת, אבל הוא השחקן היחיד שיכול למות הלילה.",,"הליקנטרופ מצביע על שחקן חי: אם הוא טוב, הוא מת ואף אחד אחר לא מת הלילה.",מת,-1,29,townsfolk,experimental,FALSE
magician,קוסם,השד חושב שאתה משרת. המשרתים חושבים שאתה שד.,,,,12,-1,townsfolk,experimental,FALSE
marionette,מריונטה,את חושבת שאת דמות טובה אבל את לא. השד יודע מי את. [את שכנה של השד],"תבחר אחד מהשכנים הטובים של השד ותניח את סממן ה""מריונטה"" לידו. תעיר את השד ותראה לו את המריונטה.",,המריונטה,19,-1,minion,experimental,TRUE
mastermind,גאון,"אם השד מת בהוצאה להורג (מה שיסיים את המשחק), שחקו לעוד יום אחד. אם שחקן מוצא להורג, הקבוצה שלו מפסידה.",,,,-1,-1,minion,bmr,FALSE
mathematician,מתמטיקאי,"בכל לילה, אתה לומד כמה יכולות של שחקנים פעלו באופן שונה (מאז השחר) בגלל יכולת של שחקן אחר.","תראה למתמטיקאי מספר עם היד (0,1,2,...) של מספר השחקנים שהיכולות שלהם לא תפקדו טוב בגלל יכולות אחרות.","תראה למתמטיקאי מספר עם היד (0,1,2,...) של מספר השחקנים שהיכולות שלהם לא תפקדו טוב בגלל יכולות אחרות.",שונה,63,79,townsfolk,snv,FALSE
matron,אם הבית,"בכל יום, את רשאית לבחור עד 3 זוגות שחקנים שיחליפו מקומות ביניהם. שחקנים לא רשאים לקום מהכיסאות כדי לדבר בפרטיות.",,,,-1,-1,traveller,experimental,FALSE
mayor,ראש העיר,"אם יש רק 3 שחקנים חיים ואין הוצאה להורג, הקבוצה שלך מנצחת. אם אתה מת בלילה, שחקן אחר עלול למות במקומך.",,,,-1,-1,townsfolk,tb,FALSE
mezepheles,מזפליס,אתה מתחיל בידיעה של מילה סודית. השחקן הטוב הראשון שאומר את המילה הזו הופך לרע בלילה.,תראה למזפליס את המילה הסודית שלו.,"תעיר את השחקן הטוב הראשון שאמר את המילה הסודית של המזפליס ותראה לו את אסימון ""אתה"" ואת סימן האגודל כלפי מטה שמסמן שהוא רע.","הפך לרע, אין יכולת",35,25,minion,experimental,FALSE
minstrel,זמר,"כשמשרת מת בהוצאה להורג, כל שאר השחקנים (חוץ מהמטיילים) שיכורים עד השחר הבא.",,,כולם שיכורים,-1,-1,townsfolk,bmr,FALSE
monk,נזיר,"בכל לילה*, תבחר שחקן (חוץ מעצמך): הוא בטוח מפני השד הלילה.",,"השחקן המוגן הקודם כבר לא מוגן. הנזיר מצביע על שחקן חוץ מעצמו. תסמן את השחקן הזה כ""מוגן"".",מוגן,-1,18,townsfolk,tb,FALSE
moonchild,ילד הירח,"כשאתה לומד שאתה מת, תכריז בפומבי על שחקן אחד חי. הלילה, אם הוא היה שחקן טוב, הוא מת.",,"אם ילד הירח השתמש ביכולת שלו כדי לבחור שחקן היום: אם השחקן הזה היה טוב, הוא מת.",מת,-1,57,outsider,bmr,FALSE
mutant,מוטנט,"אם אתה ""משתגע"" על זה שאתה זר, אתה עלול למות.",,,,-1,-1,outsider,snv,FALSE
nightwatchman,שומר לילה,"פעם אחת במשחק, תבחר שחקן: הוא לומד מי אתה.","שומר הלילה רשאי להצביע על שחקן. תעיר את השחקן הזה, תראה לו ""הדמות הזו בחרה אותך"" ואת אסימון שומר הלילה, ואז תצביע על השחקן של שומר הלילה.","שומר הלילה רשאי להצביע על שחקן. תעיר את השחקן הזה, תראה לו ""הדמות הזו בחרה אותך"" ואת אסימון שומר הלילה, ואז תצביע על השחקן של שומר הלילה.",אין יכולת,57,72,townsfolk,experimental,FALSE
noble,אציל,"אתה מתחיל בלדעת שלושה שחקנים, שרק אחד מהם הוא רע.","תצביע ל3 שחקנים שהדמות של אחד מהם היא רעה, בסדר אקראי",,נראה,54,-1,townsfolk,experimental,FALSE
nodashii,נו דאשי,"בכל לילה*, תבחר שחקן: הוא מת. שני השכנים תושבי העיירה שלך הם שיכורים.",,הנו דאשי מצביע על שחקן. הוא מת.,"מת, מורעל",-1,37,demon,snv,FALSE
oracle,אורקל,"בכל לילה*, אתה לומד כמה שחקנים מתים הם רעים.",,"תראה מספר עם היד (0,1,2,..) של מספר הרעים המתים.",,-1,66,townsfolk,snv,FALSE
organgrinder,קופיפון האיברים,כל השחקנים משאירים את עיניהם סגורות בזמן הצבעה וסך הקולות נשאר בסוד. הצבעות עליך נספרות רק אם אתה מצביע.,,,עומד למות,-1,-1,minion,experimental,FALSE
pacifist,פציפיסט,שחקנים טובים שהוצאו להורג עלולים לא למות.,,,,-1,-1,townsfolk,bmr,FALSE
philosopher,פילוסוף,"פעם אחת במשחק, בלילה, תבחר דמות טובה: תקבל את היכולת שלה. אם הדמות הזו במשחק, השחקן שלה שיכור.","הפילוסוף מנדנד את ראשו לשלילה או מצביע על דמות טובה בדף הדמות שלו. אם הוא בחר בדמות: תחליף את האסימון של הדמות הזו עם האסימון של הפילוסוף. אם הדמות הזו במשחק, שים את סממן ה""שיכור"" על הדמות ואת סממן ""לא הפילוסוף"" על הפילוסוף.","אם הפילוסוף עוד לא השתמש ביכולת שלו: הפילוסוף מנדנד את ראשו לשלילה או מצביע על דמות טובה בדף הדמות שלו. אם הוא בחר בדמות: תחליף את האסימון של הדמות הזו עם האסימון של הפילוסוף. אם הדמות הזו במשחק, שים את סממן ה""שיכור"" על הדמות ואת סממן ""לא הפילוסוף"" על הפילוסוף.","שיכור, הוא הפילוסוף",9,8,townsfolk,snv,FALSE
pithag,קרואלה,"בכל לילה*, תבחרי שחקן ודמות שהוא הופך אליה (אם לא במשחק). אם נוצר שד הלילה, מיתות הלילה יקבעו באופן שרירותי.",,"קרואלה מצביעה על שחקן ועל דמות בדף הדמויות. אם הדמות הזו לא במשחק, תעיר את השחקן ותראה לו ""אתה"" ואת אסימון הדמות הרלוונטית. אם הדמות הזו במשחק, כלום לא קורה.",,-1,22,minion,snv,FALSE
pixie,פיה,"את מתחילה בידיעה של דמות תושב-עיירה אחת שבמשחק. אם את היית ""משוגעת"" שאת הדמות הזו, את מקבלת את היכולת שלה כשהיא מתה.",תראה לפיה אסימון של דמות תושב-עיירה שנמצאת במשחק.,,"משוגע, יש יכולת",37,-1,townsfolk,experimental,FALSE
po,פו,"בכל לילה*, אתה רשאי לבחור שחקן: הוא מת. אם הבחירה האחרונה שלך הייתה אף אחד, תבחר 3 שחקנים הלילה.",,אם פו לא בחר אף אחד בלילה הקודם: פו מצביע על 3 שחקנים. אחרת: פו מנדנד את ראשו לשלילה או מצביע על שחקן. מי שנבחר כך מת.,"מת, 3 התקפות",-1,35,demon,bmr,FALSE
poisoner,מרעיל,"בכל לילה, תבחר שחקן: הוא מורעל ללילה ויום אחד.",המרעיל מצביע על שחקן. הוא מורעל.,השחקן שהורעל בלילה הקודם כבר לא מורעל. המרעיל מצביע על שחקן. הוא מורעל.,מורעל,24,13,minion,tb,FALSE
politician,פוליטיקאי,"אם היית השחקן הכי אחראי לכך שהקבוצה שלך הפסידה, אתה עובר קבוצה ומנצח, אפילו אם אתה מת.",,,,-1,-1,outsider,experimental,FALSE
poppygrower,מגדל פרג,"משרתים ושדים לא יודעים אחד על השני. אם אתה מת, הם ילמדו הלילה אחד על השני.",אל תודיע למשרתים ולשד אחד על השני.,"אם מגדל הפרג מת, תודיע לשד ולמשרתים אחד על השני.",רעים מתעוררים,11,9,townsfolk,experimental,FALSE
preacher,דרשן,"בכל לילה, תבחר שחקן: אם בחרת במשרת, הוא לומד את זה. כל משרת שבחרת בו הוא חסר יכולת.","הדרשן בוחר שחקן. אם הוא בחר במשרת, תעיר את המשרת ותראה לו ""הדמות הזו בחרה אותך"" ואת אסימון הדרשן.","הדרשן בוחר שחקן. אם הוא בחר במשרת, תעיר את המשרת ותראה לו ""הדמות הזו בחרה אותך"" ואת אסימון הדרשן.",בדרשה,21,12,townsfolk,experimental,FALSE
professor,פרופסור,"פעם אחת במשחק, בלילה*, תבחר שחקן מת: אם הוא תושב עיירה, הוא חוזר לחיים.",,"אם הפרופסור לא השתמש ביכולת שלו: הפרופסור מנדנד את ראשו לשלילה, או שהוא מצביע על שחקן. אם נבחר תושב-עיירה, הוא חזור לחיים.","חי, אין יכולת",-1,50,townsfolk,bmr,FALSE
psychopath,פסיכופת,"בכל יום, לפני הצבעות, אתה רשאי להכריז בפומבי על שחקן: הוא מת. אם מוציאים אותך להורג, אתה מת רק אם הפסדת באבן נייר ומספריים למי שהציע אותך להצבעה.",,,,-1,-1,minion,experimental,FALSE
pukka,פוקה,"בכל לילה, תבחר שחקן: הוא מורעל. השחקן המורעל הקודם מת והופך לבריא.","הפוקה מצביע על שחקן, הוא מורעל.","הפוקה מצביע על שחקן, הוא מורעל, השחקן המורעל הקודם מת.","מורעל, מת",36,33,demon,bmr,FALSE
puzzlemaster,פותר החידות,"שחקן אחד הוא שיכור, אפילו אם אתה מת. אם אתה מנחש (פעם אחת) מי השיכור, אתה יודע מי השחקן של השד, אבל אם תנחש לא נכון, תקבל מידע שגוי.",,,"שיכור, ניחוש בוזבז",-1,-1,outsider,experimental,FALSE
ravenkeeper,שומר העורבים,"אם אתה מת בלילה, אתה מתעורר ובוחר שחקן: אתה לומד מה הדמות שלו.",,"אם שומר העורבים מת הלילה: שומר העורבים מצביע על שחקן, תראה לו את אסימון הדמות של השחקן הזה.",,-1,59,townsfolk,tb,FALSE
recluse,מתבודד,"אתה עלול להיחשב כרע וכמשרת או שד, אפילו אם אתה מת.",,,,-1,-1,outsider,tb,FALSE
revolutionary,מהפכן,"יש 2 שחקנים שכנים מאותה הקבוצה. פעם אחת במשחק, אחד מהם נחשב בקבוצה השנייה.",,,"נחשב כטוב, נחשב כרע",-1,-1,fabled,experimental,FALSE
riot,מהומה,"מי שמציעים להצבעה מת, אבל הוא רשאי גם להציע שוב בעצמו ישר אחרי (ביום השלישי, הוא חייב). אחרי יום 3, הרעים מנצחים. [כל המשרתים הם מהומה]",,,,-1,-1,demon,experimental,TRUE
sage,משכיל,"אם השד הורג אותך, אתה לומד שזה אחד מבין 2 שחקנים.",,"אם המשכיל נהרג ע""י שד: תצביע על שני שחקנים, אחד מהם הוא השד.",,-1,49,townsfolk,snv,FALSE
sailor,ימאי,"בכל לילה, תבחר שחקן חי: או אתה או הוא שיכור עד השחר. אתה לא יכול למות.",הימאי מצביע על שחקן חי. או הימאי או השחקן הנבחר שיכורים.,השחקן השיעור הקודם כבר לא שיכור. הימאי מצביע על שחקן חי. או הימאי או השחקן הנבחר שיכורים.,שיכור,18,10,townsfolk,bmr,FALSE
saint,קדוש,"אם אתה מת ע""י הוצאה להורג, הקבוצה שלך מפסידה.",,,,-1,-1,outsider,tb,FALSE
savant,מלומד,"בכל יום, אתה רשאי לבקר את מספר הסיפורים וללמוד 2 דברים: אחד מהם הוא אמת ואחד הוא שקר.",,,,-1,-1,townsfolk,snv,FALSE
scapegoat,שעיר לעזאזל,"אם שחקן מהקבוצה שלך מוצא להורג, אתה עלול להיות מוצא להורג במקומו.",,,,-1,-1,traveller,experimental,FALSE
scarletwoman,אשת הארגמן,"אם יש לפחות 5 שחקנים חיים והשד מת, את הופכת לשד (מטייליים לא נחשבים).",,"אם אשת הארגמן הפכה לשד היום: תראה לה את קלף ""את"" ואת אסימון השד.",שד,-1,26,minion,tb,FALSE
seamstress,תופרת,"פעם אחת במשחק, בלילה, תבחרי 2 שחקנים (לא את עצמך): את לומדת אם הם מאותה הקבוצה.",התופרת מנדנדת את ראשה לשלילה או מצביעה על 2 שחקנים. תנענע בראש כן או תנדנד לשלילה בהתאם להאם הם מאותה הקבוצה.,אם התופרת עוד לא השתמשה ביכולת שלה: התופרת מנדנדת את ראשה לשלילה או מצביעה על 2 שחקנים. תנענע בראש כן או תנדנד לשלילה בהתאם להאם הם מאותה הקבוצה.,אין יכולת,51,67,townsfolk,snv,FALSE
sentinel,שומר,עלול להיות זר אחד יותר או פחות במשחק.,,,,-1,-1,fabled,experimental,FALSE
shabaloth,שבלות',"בכל לילה*, תבחר 2 שחקנים: הם מתים. שחקן מת שבחרת בלילה הקודם עלול לחזור לחיים.",,שחקן אחד ששבלות' בחר בלילה הקודם עלול לחזור לחיים. השבלות' מצביע על 2 שחקנים. הם מתים.,"מת, חי",-1,34,demon,bmr,FALSE
slayer,קוטל,"פעם אחת במשחק, במהלך היום, תכריז בפומבי על שחקן: אם הוא השד, הוא מת.",,,אין יכולת,-1,-1,townsfolk,tb,FALSE
snakecharmer,מהפנט נחשים,"בכל לילה, תבחר שחקן חי: אם בחרת בשד אתה מחליף דמויות וקבוצות איתו, ואז הוא מורעל.",מהפנט הנחשים מצביע על שחקן. אם השחקן הזה הוא השד: תחליף את הדמויות והקבוצות של השד ושל מהפנט הנחשים. תעיר כל אחד מהם ותראה להם את הדמות והקבוצה החדשה שלהם. מהפנט הנחשים החדש מורעל.,מהפנט הנחשים מצביע על שחקן. אם השחקן הזה הוא השד: תחליף את הדמויות והקבוצות של השד ושל מהפנט הנחשים. תעיר כל אחד מהם ותראה להם את הדמות והקבוצה החדשה שלהם. מהפנט הנחשים החדש מורעל.,מורעל,27,17,townsfolk,snv,FALSE
snitch,מלשן,משרתים מתחילים עם ידיעה של 3 דמויות שלא במשחק.,"אחרי שהמשרתים מתעוררים ומקבלים מידע, תראה לכל משרת 3 אסימוני דמויות שלא במשחק. הם יכולים להיות אותו הדבר או שונים בין כל משרת ובין השד.",,,14,-1,outsider,experimental,FALSE
soldier,חייל,אתה בטוח מפני השד.,,,,-1,-1,townsfolk,tb,FALSE
spiritofivory,רוח השנהב,לא יכולה להיות יותר מדמות רעה נוספת אחת.,,,אין רעים נוספים,-1,-1,fabled,experimental,FALSE
spy,מרגל,"בכל לילה, אתה רואה את הגרימואר. אתה עלול להיחשב כטוב וכדמות תושב-עיירה או זר, אפילו אם אתה מת.",תראה את הגרימואר למרגל לכמה זמן שהוא צריך.,תראה את הגרימואר למרגל לכמה זמן שהוא צריך.,,59,75,minion,tb,FALSE
steward,דייל,אתה מתחיל בידיעה על שחקן טוב אחד.,"הצבע על שחקן טוב המסומן ב""יודע""",,יודע,52,-1,townsfolk,experimental,FALSE
stormcatcher,לוכד סערות,"תגיד שם של דמות טובה. אם היא במשחק, היא יכולה למות רק ע""י הוצאה להורג, אבל דמויוות רעות יודעות מי השחקן של הדמות הזו.",,,מוגן,3,-1,fabled,experimental,FALSE
sweetheart,מותק,"כשאת מתה, שחקן אחד הוא שיכור מעכשיו והלאה.",,"אם המותק מתה, תבחר שחקן שיהיה שיכור.",שיכור,-1,48,outsider,snv,FALSE
tealady,נערת התה,"אם שני השכנים שלך הם טובים, הם לא יכולים למות.",,,לא יכול למות,-1,-1,townsfolk,bmr,FALSE
thief,גנב,"בכל לילה, תבחר שחקן (לא את עצמך): ההצבעה שלו נחשבת כשלילית מחר.","הגנב מצביע על שחקן. שים את אסימון ה""הצבעה שלילית"" ליד אסימון השחקן שנבחר.","הגנב מצביע על שחקן. שים את אסימון ה""הצבעה שלילית"" ליד אסימון השחקן שנבחר.",הצבעה שלילית,8,7,traveller,experimental,FALSE
tinker,פחח,אתה עלול למות בכל רגע.,,הפחח עלול למות.,מת,-1,56,outsider,bmr,FALSE
towncrier,כרוז עירוני,"בכל לילה*,  אתה לומד אם משרת העלה להצבעה היום.",,"תנענע בראשך לחיוב או תנדנד לשלילה בהתאם להאם משרת הצביע היום. תוסיף את סממן ""משרת לא הצביע היום"".","משרת העלה להצבעה, משרת לא העלה להצבעה",-1,65,townsfolk,snv,FALSE
toymaker,יצרן הצעצועים,השד רשאי לבחור לא לתקוף וחייב לעשות את זה לפחות פעם אחת במשחק. שחקנים רעים מקבלים מידע התחלתי כרגיל.,,,אין התקפה,4,2,fabled,experimental,FALSE
undertaker,קברן,"בכל לילה*, אתם לומדים איזו דמות מתה היום בהוצאה להורג.",,אם שחקן הוצא להורג היום: תראה את אסימון הדמות של השחקן הזה לקברן.,הוצא להורג,-1,62,townsfolk,tb,FALSE
vigormortis,ויגורמורטיס,"בכל לילה*, תבחר שחקן: הוא מת. משרתים שאתה הורג שומרים את היכולת שלהם ומרעילים תושב-עיירה אחד ששכן להם. [-1 זר]",,"הויגורמורטיס מצביע על שחקן. הוא מת. אם משרת מת ככה, הוא משאיר את היכולת שלו ואחד מהשכנים שלו הופך למורעל.","מת, יש יכולת, מורעל",-1,39,demon,snv,TRUE
virgin,בתול,"הפעם הראשונה שמעלים אותך להצבעה, אם מי שהעמיד אותך הוא תושב-עיירה, הוא מוצא להורג מיד.",,,אין יכולת,-1,-1,townsfolk,tb,FALSE
vizier,וזיר,"כל השחקנים יודעים מי אתה. אתה לא יכול למות במהלך היום. אם הטובים הצביעו, אתה רשאי להוציא להורג מיד.",הכרז על שחקן הוזיר לקבוצה.,,,66,-1,minion,experimental,FALSE
vortox,וורטוקס,"בכל לילה*, תבחר שחקן: הוא מת. יכולות של תושבי-עיירה נותנות מידע שגוי. בכל יום, אם אף אחד לא הוצא להורג, הרעים מנצחים.",,הוורטוקס מצביע על שחקן. הוא מת.,מת,-1,38,demon,snv,FALSE
voudon,וודון,רק אתה והמתים יכולים להצביע. הם לא צריכים אסימון הצבעה בשביל להצביע. לא צריך רוב של 50%.,,,,-1,-1,traveller,experimental,FALSE
washerwoman,כובסת,את מתחילה בידיעה שאחד מתוך שני שחקנים הוא תושב-עיירה ספציפי.,"תראה אסימון דמות של תושב-עיירה שבמשחק לכובסת. תצביע על שני שחקנים, שאחד מהם זה הדמות שנחשפה.",,"תושב-עיירה, לא תושב-עיירה",41,-1,townsfolk,tb,FALSE
widow,אלמנה,"בלילה הראשון שלך, תסתכלי בגרימואר ותבחרי שחקן: הוא מורעל. שחקן טוב אחד יודע שהאלמנה במשחק.","תראה את הגרימואר לאלמנה לכמה זמן שהיא צריכה. האלמנה מצביעה על שחקן. השחקן הזה מורעל. תעיר שחקן טוב כלשהו. תראה לו את קלף ""הדמות הזו במשחק"" ואז את אסימון ה""אלמנה"".",,"מורעל, יודע",25,-1,minion,experimental,FALSE
witch,מכשפה,"בכל לילה, תבחרי שחקן: אם הוא מעלה להצבעה מחר, הוא מת. אם רק 3 שחקנים חיים, את מאבדת את היכולת הזו.",המכשפה מצביעה על שחקן. אם הוא מעלה להצבעה מחר הוא מת ישירות.,אם יותר מ4 שחקנים חיים: המכשפה מצביעה על שחקן. אם הוא מעלה להצבעה מחר הוא מת ישירות.,מקולל,31,20,minion,snv,FALSE
zombuul,זומבול,"בכל לילה*, אם אף אחד לא מת היום, תבחר שחקן: הוא מת. הפעם הראשונה שאתה מת, אתה חי אבל נחשב כמת.",,אם אף אחד לא מת במהלך היום: הזומבול מצביע על שחקן. השחקן הזה מת.,"מתו היום, מת",-1,32,demon,bmr,FALSE
dawn,שחר,,חכה מספר שניות. סיים את שלב הלילה.,חכה מספר שניות. סיים את שלב הלילה.,,64,80,reminders,,FALSE
dusk,בין הערביים,,התחל את שלב הלילה.,התחל את שלב הלילה.,,0,0,reminders,,FALSE
minioninfo,מידע למשרתים,,"אם יש 7 שחקנים או יותר, הער את כל המשרתים:
הראה את אסימון ""זה השד"" והצבע על השד.
הראה את אסימון ""אלה המשרתים שלך"" והצבע על שאר המשרתים.",,,13,-1,reminders,,FALSE
demoninfo,מידע לשד,,"אם יש 7 שחקנים או יותר, הער את השד:
הראה את אסימון ""אלה המשרתים שלך"" והצבע על כל המשרתים.
הראה את אסימון ""הדמויות האלה לא במשחק"" והראה לשד אסימונים של 3 דמויות טובות שלא נמצאות במשחק.",,,16,-1,reminders,,FALSE